run_id,use_det,use_seg,use_pose,batch_det,batch_seg,batch_pose,threshold_det,threshold_seg,threshold_pose,timeout_ms,priority_det,priority_seg,priority_pose,det_latency_ms,seg_latency_ms,pose_latency_ms,cpu_percent,mem_percent,voluntary_ctx_switches,nonvoluntary_ctx_switches,npu_percent,switches_per_s,idle_time_pct,run_time_s,avg_fps_det,avg_latency_det,max_latency_det,activation_det,avg_fps_seg,avg_latency_seg,max_latency_seg,activation_seg,avg_fps_pose,avg_latency_pose,max_latency_pose,activation_pose,total_time_det_s,total_time_seg_s,total_time_pose_s,avg_preprocess_ms,postprocess_ms_det,postprocess_ms_seg,postprocess_ms_pose,total_time_ms_det,total_time_ms_seg,total_time_ms_pose
1,1,1,1,1,1,1,1,1,1,0,15,15,15,841.007,786.451,698.397,40.6212,32.9431,15925,10887,85.7345,25.9410,0.0020,51.6577,8.6600,15.8780,29.5100,0.6890,8.6220,26.4820,48.1840,0.7660,8.6220,17.3980,64.9790,0.6560,51.2814,51.4745,51.3179,5.29235,0.0185866,43.9468,0.20242,846.318,835.69,703.892
2,1,1,1,1,1,1,1,1,1,0,15,15,15,842.501,782.284,699.764,40.7914,32.7611,15886,11065,85.6451,25.8480,0.0010,51.6995,8.6410,15.5600,25.3960,0.6950,8.6030,26.4630,48.0760,0.7630,8.6030,17.5000,75.5890,0.7190,51.3638,51.5205,51.4049,5.22981,0.014244,43.9246,0.19561,847.745,831.438,705.189
3,1,1,1,1,1,1,1,1,1,0,15,15,15,843.683,784.914,699.964,40.9011,33.1746,15942,11087,85.9900,25.7210,0.0100,51.7269,8.5740,15.6600,30.7960,0.6650,8.5740,26.9230,55.5840,0.6780,8.5740,17.7560,70.6120,0.7530,51.433,51.5517,51.4159,5.25808,0.0151628,43.7619,0.189551,848.956,833.934,705.411
1,1,1,1,1,1,16,1,1,1,0,15,15,15,544.169,1147.8,1173.27,40.8063,33.8865,14840,11247,64.3796,7.0870,0.0010,55.5833,2.7200,21.4580,63.6890,0.7040,2.7200,36.5580,89.9380,0.6090,25.7830,244.8870,862.3430,0.7760,32.803,55.4113,21.4474,5.33137,0.0327232,41.5352,0.175173,549.533,1194.67,1178.78
2,1,1,1,1,1,16,1,1,1,0,15,15,15,554.736,1135.95,1113.57,40.777,33.8641,14937,10811,64.7015,7.5680,0.0010,55.2067,2.9430,18.8370,66.6100,0.8450,2.9430,36.3080,90.1510,0.6690,25.7220,233.3100,785.0690,0.8600,33.2676,55.0269,20.4955,5.28075,0.0251842,41.4075,0.176017,560.042,1182.64,1119.03
3,1,1,1,1,1,16,1,1,1,0,15,15,15,552.665,1138.85,1121.24,40.2924,33.7716,14962,10534,64.6213,7.4720,0.0020,55.2802,2.9120,18.2950,49.4570,0.8350,2.9120,35.7360,83.8180,0.8030,25.7890,233.0610,800.4590,0.6580,33.2479,55.1049,20.7641,5.32409,0.0311735,41.5581,0.180201,558.02,1185.74,1126.75
1,1,1,1,1,1,32,1,1,1,0,15,15,15,551.902,1143.92,1722.13,40.0266,34.5814,14920,10402,64.6462,6.6090,0.0090,55.3089,2.8820,20.1790,49.6990,0.7590,2.8820,41.3000,60.1450,0.6860,25.8580,409.2830,1569.9920,0.9240,33.176,55.1294,17.3687,5.26476,0.0212859,41.304,0.17923,557.188,1190.49,1727.57
2,1,1,1,1,1,32,1,1,1,0,15,15,15,553.497,1134.64,1685.75,40.3695,34.6696,14862,9509,64.7536,6.8300,0.0170,55.0157,2.9930,20.3420,63.7770,0.7710,2.9930,40.1140,63.7720,0.8290,25.8240,399.9580,1471.0690,0.6270,33.174,54.841,16.9679,5.24367,0.0251577,41.1847,0.17617,558.766,1181.07,1691.17
3,1,1,1,1,1,32,1,1,1,0,15,15,15,551.81,1132.96,1677.69,40.1711,34.0779,14886,9371,66.4983,6.8140,0.0150,54.9399,2.9640,19.5120,63.4780,0.7240,2.9640,39.9700,96.1940,0.6290,25.9080,399.9410,1394.8410,1.0790,33.1357,54.7662,16.9556,5.35247,0.0198537,41.17,0.178603,557.183,1179.48,1683.22
1,1,1,1,1,1,48,1,1,1,0,15,15,15,557.508,1141.47,2331.3,39.9779,36.0119,14907,9754,66.8431,5.9330,0.0010,55.2964,2.6580,20.2300,43.6620,0.7800,2.6970,40.4220,86.5030,0.5970,25.9280,594.3040,2193.7250,0.8970,33.4761,55.1155,17.1297,5.25947,0.0184974,41.2454,0.178967,562.786,1187.97,2336.74
2,1,1,1,1,1,48,1,1,1,0,15,15,15,554.825,1143.72,2288.25,40.9667,35.9607,14941,9647,66.5967,6.0530,0.0020,55.3936,2.7370,19.0670,34.1420,0.6700,2.7370,38.0450,58.2660,0.6140,25.9480,583.9060,2206.8740,0.7640,33.3797,55.2161,16.7978,5.27478,0.0185246,41.2425,0.175785,560.118,1190.24,2293.7
3,1,1,1,1,1,48,1,1,1,0,15,15,15,555.635,1149.83,2313.4,40.7036,35.9456,14848,11708,66.6291,5.7790,0.0160,55.6238,2.5810,19.4940,32.3360,0.7010,2.6200,39.7410,61.1900,0.6870,25.9260,592.9170,2261.8990,0.9290,33.391,55.4463,17.0653,5.24326,0.0239037,41.4357,0.178511,560.902,1196.51,2318.82
1,1,1,1,1,1,63,1,1,1,0,15,15,15,555.049,1142.98,2792.28,40.2447,36.9784,14885,9761,66.7587,5.5790,0.0020,55.3248,2.5570,19.9660,68.1430,0.7110,2.5570,41.3670,59.2220,0.6250,26.0730,726.1560,2596.2750,0.7470,33.2717,55.1521,16.8158,5.29606,0.0200583,41.0686,0.169421,560.365,1189.34,2797.75
2,1,1,1,1,1,63,1,1,1,0,15,15,15,560.852,1147.27,2850.67,40.4375,36.9278,14965,9092,67.7846,5.2920,0.0010,55.5832,2.4340,19.1050,27.9320,0.7350,2.4340,42.7420,94.7330,0.6520,25.9970,746.0700,2797.0730,0.8410,33.7117,55.4101,17.2363,5.199,0.0387592,41.1298,0.177556,566.09,1193.6,2856.05
3,1,1,1,1,1,63,1,1,1,0,15,15,15,561.454,1143.59,2873.74,40.0559,37.0569,14986,9776,67.6780,5.2650,0.0010,55.4634,2.4000,19.6040,36.4020,0.7930,2.4000,41.9220,62.3770,0.6270,26.0520,751.1210,2797.9160,1.0050,33.6534,55.2909,17.3325,5.27286,0.0222611,41.2877,0.182486,566.75,1190.15,2879.2
1,1,1,1,1,16,1,1,1,1,0,15,15,15,810.017,3066.57,670.274,45.1032,34.3873,16259,11304,88.6882,10.6970,0.0010,49.3506,3.6290,18.8110,104.9140,0.9130,16.6190,1073.9510,2135.2520,1.1610,3.6290,28.2810,254.8370,0.9890,49.3499,38.3937,49.3333,5.19813,0.0161695,43.7814,0.202978,815.231,3115.55,675.675
2,1,1,1,1,16,1,1,1,1,0,15,15,15,809.192,3096.36,669.681,44.621,34.0453,16242,10730,89.1945,10.8360,0.0010,49.3287,3.6760,18.8060,86.1690,1.0530,16.7710,1111.1350,2051.6700,1.2150,3.6760,23.0060,153.7200,0.9580,49.328,38.3985,49.3119,5.26309,0.0134129,43.5334,0.192137,814.468,3145.16,675.136
3,1,1,1,1,16,1,1,1,1,0,15,15,15,812.741,3122.67,672.13,45.2521,34.1314,16178,12525,88.7910,10.4420,0.0280,49.4836,3.5570,18.9260,83.0810,0.9270,16.6380,1154.3020,2105.9680,1.3120,3.5570,24.3060,223.8620,1.0700,49.4819,38.5096,49.4652,5.2136,0.0129823,43.9814,0.194877,817.968,3171.86,677.538
1,1,1,1,1,16,16,1,1,1,0,15,15,15,548.372,3399.4,1593.45,49.8041,34.327,14287,12382,75.9084,2.6920,0.0080,45.2867,0.8840,22.0590,63.3060,1.2040,11.9580,758.4970,1692.7600,1.2430,14.1500,368.4350,904.3280,1.7270,32.8548,45.1025,28.6259,5.28875,0.0253594,44.2321,0.202607,553.686,3448.92,1598.94
2,1,1,1,1,16,16,1,1,1,0,15,15,15,548.242,3439.29,1600.52,49.6873,35.2992,14335,14498,76.4142,2.6880,0.0020,45.6248,0.8830,22.2110,41.3450,1.2930,11.7880,774.9910,1787.0610,0.9060,14.1300,379.2510,1004.8080,1.3760,33.1131,45.4472,28.4507,5.23572,0.0237876,44.3376,0.220281,553.502,3488.86,1605.98
3,1,1,1,1,16,16,1,1,1,0,15,15,15,554.021,3418.23,1598.47,49.4517,35.2261,14316,14515,76.3553,2.7290,0.0010,45.3449,0.8840,22.3510,58.8600,1.0890,11.9520,789.3700,1745.7980,0.8040,14.1810,366.2590,1136.3300,1.4680,33.4129,45.1633,28.567,5.25248,0.0314691,44.1832,0.211885,559.305,3467.67,1603.94
1,1,1,1,1,16,32,1,1,1,0,15,15,15,539.131,3546.98,2947.45,46.2189,35.698,14350,12383,73.6953,1.8120,0.0010,48.1093,0.5780,28.2460,52.1060,1.5570,8.9040,630.3870,1447.0540,1.2280,18.5010,621.5510,1675.4110,1.7280,32.5095,47.932,27.5919,5.23016,0.0223507,43.2115,0.215566,544.384,3595.42,2952.89
2,1,1,1,1,16,32,1,1,1,0,15,15,15,540.434,3505.93,2956.29,46.793,36.3527,14376,12443,75.3848,1.7720,0.0010,47.777,0.5780,29.8340,70.6260,1.2240,9.2820,634.8530,1566.7320,0.8120,18.4870,628.5080,1667.3130,2.2680,32.3658,47.603,27.5071,5.2534,0.0224232,43.3298,0.202702,545.71,3554.51,2961.75
3,1,1,1,1,16,32,1,1,1,0,15,15,15,543.322,3498.36,2943.43,46.9327,35.8868,14375,11707,75.7320,1.8140,0.0060,47.6905,0.5790,31.2070,88.6900,1.2920,9.1460,612.3890,1457.3640,0.9060,18.5610,647.5210,1677.4300,1.7090,32.5189,47.5158,27.471,5.26135,0.0336138,43.007,0.1895,548.617,3546.63,2948.88
1,1,1,1,1,16,48,1,1,1,0,15,15,15,535.272,3682.06,4204.38,43.9173,37.5658,14488,11755,72.7490,1.3940,0.0010,50.4923,0.4650,21.4250,58.3790,1.2020,7.0070,497.3300,1519.0040,0.7550,20.9060,796.5330,2614.2090,2.0330,32.2052,50.3159,26.889,5.22193,0.0239134,42.7366,0.191564,540.518,3730.02,4209.8
2,1,1,1,1,16,48,1,1,1,0,15,15,15,538.969,3682.83,4168.71,45.4009,37.5106,14386,13267,72.8486,1.3540,0.0020,50.5544,0.4260,21.5030,40.3370,1.4110,6.9260,490.8860,1250.6090,0.5770,21.3970,780.5370,2532.4850,2.1330,32.3656,50.3803,26.7473,5.22458,0.0254284,42.8427,0.191927,544.219,3730.9,4174.12
3,1,1,1,1,16,48,1,1,1,0,15,15,15,539.519,3702.28,4174.64,44.3959,36.8729,14504,12470,73.1565,1.3540,0.0030,50.749,0.4250,24.4520,54.5250,1.5640,6.8450,500.1840,1349.0360,0.7250,21.2310,772.8890,2539.4540,1.5940,32.4593,50.5726,26.7693,5.21679,0.0211441,42.6162,0.187218,544.757,3750.12,4180.05
1,1,1,1,1,16,63,1,1,1,0,15,15,15,514.638,3821.57,5052.12,43.8111,38.4116,14393,13141,69.6053,1.1260,0.0020,52.0994,0.3490,23.6530,68.5970,1.3800,5.6310,508.9000,1329.4680,0.5910,23.0660,961.0250,3321.6540,1.5530,30.9763,51.9211,26.3676,5.25148,0.0268232,42.4605,0.19049,519.916,3869.28,5057.56
2,1,1,1,1,16,63,1,1,1,0,15,15,15,532.357,3777.27,5191.5,43.1922,38.044,14666,10504,72.0038,1.1640,0.0010,51.5653,0.3880,22.5220,40.4890,1.2370,6.1320,531.1600,1354.2050,1.2300,22.1590,995.8200,3531.6230,2.0340,32.3502,51.3858,26.4498,5.20177,0.0253663,42.3437,0.184303,537.584,3824.81,5196.89
3,1,1,1,1,16,63,1,1,1,0,15,15,15,518.188,3778.06,5147.15,43.1043,38.1607,14437,11089,71.3910,1.1650,0.0010,51.514,0.3880,24.3190,66.3770,1.1560,6.0570,530.3580,1403.7350,0.7420,22.5990,1007.4460,3485.2960,2.1390,31.2288,51.3393,26.4259,5.19849,0.0242334,42.2636,0.175166,523.411,3825.52,5152.52
1,1,1,1,1,32,1,1,1,1,0,15,15,15,805.298,5770.42,665.437,44.6476,35.9438,16294,11082,90.1335,8.8840,0.0030,49.0867,3.0380,17.5490,44.1600,0.9290,17.2290,2369.4580,3870.9100,1.2070,3.0380,20.6110,126.5170,0.9470,49.0858,37.7919,49.0663,5.21492,0.0152223,43.6496,0.183926,810.528,5819.29,670.836
2,1,1,1,1,32,1,1,1,1,0,15,15,15,807.131,5813.95,666.869,45.2779,35.9074,16294,11858,91.3144,9.0120,0.0020,49.1738,3.0810,19.4470,114.9410,0.9450,17.1390,2401.5710,3947.9400,1.1460,3.0430,22.0500,139.4860,0.9160,49.1554,37.9608,49.1706,5.26429,0.0139483,43.8099,0.19844,812.409,5863.02,672.332
3,1,1,1,1,32,1,1,1,1,0,15,15,15,806.25,5808.58,666.913,45.8581,35.791,16111,11782,89.5654,8.9920,0.0070,49.1501,3.0740,16.8820,32.9200,0.9020,17.2150,2424.2930,3935.1850,1.1340,3.0740,21.8790,118.8700,1.0390,49.1486,37.8319,49.1311,5.21614,0.0153551,43.9731,0.203773,811.482,5857.77,672.333
1,1,1,1,1,32,16,1,1,1,0,15,15,15,570.965,6194.39,1615.35,53.4161,37.0856,14454,14615,84.4590,2.0460,0.0280,42.5631,0.6560,32.8560,105.6320,1.1520,14.0920,1897.6100,3293.0940,1.4740,10.5400,337.3720,1063.2050,1.6010,34.307,42.3883,29.2548,5.25032,0.0207052,44.8145,0.206754,576.236,6244.45,1620.81
2,1,1,1,1,32,16,1,1,1,0,15,15,15,569.079,6158.92,1651.61,53.415,36.9478,14483,15144,85.6887,2.0060,0.0020,42.6693,0.6560,29.0310,63.5880,1.1890,14.0430,1768.3870,3287.9420,1.1430,10.4940,432.4890,1287.7360,1.4850,34.274,42.4888,29.3673,5.226,0.033354,44.7779,0.218276,574.338,6208.93,1657.06
3,1,1,1,1,32,16,1,1,1,0,15,15,15,564.927,6166.03,1629.48,53.0242,36.972,14335,14719,84.8440,2.0080,0.0010,42.6335,0.6570,41.3700,115.6770,1.6260,14.0970,1787.1950,3328.7100,1.4880,10.5050,461.9240,1438.5550,1.3010,33.9876,42.4596,29.2729,5.24619,0.0242055,44.901,0.217251,570.198,6216.17,1634.94
1,1,1,1,1,32,32,1,1,1,0,15,15,15,556.858,6365.83,3068.14,49.9662,38.1405,14339,13667,82.2179,1.3560,0.0010,44.9698,0.4260,28.0490,66.0540,1.2440,12.2400,1585.5260,3237.2840,1.5150,13.6730,763.6930,1584.0760,1.6220,33.3059,44.7902,28.6479,5.22102,0.023251,44.4729,0.205162,562.102,6415.53,3073.57
2,1,1,1,1,32,32,1,1,1,0,15,15,15,554.327,6301.42,3061.4,49.7098,37.4898,14336,13187,82.1133,1.3620,0.0130,44.8956,0.4280,27.2440,58.0730,1.3000,12.2930,1518.0310,3152.8510,0.9710,13.7330,716.1980,1617.8350,1.6730,33.225,44.7089,28.6255,5.34128,0.0258571,44.3865,0.215586,559.694,6351.14,3066.96
3,1,1,1,1,32,32,1,1,1,0,15,15,15,559.233,6446.73,3073.07,49.7402,37.972,14361,15188,81.2479,1.3540,0.0010,45.476,0.4640,35.0290,69.8600,1.3250,11.7970,1563.7670,3048.9350,0.9880,13.6150,757.5620,1817.8930,1.8240,33.7338,45.2992,28.3511,5.23332,0.0246876,44.3649,0.213783,564.491,6496.33,3078.51
1,1,1,1,1,32,48,1,1,1,0,15,15,15,534.5,6475.94,4333.71,47.6455,39.2575,14312,12849,78.3148,1.0880,0.0010,46.9772,0.3500,27.2820,55.5520,1.8250,10.0630,1227.7040,2533.3560,1.3170,16.7850,966.0630,2582.4470,1.5640,32.3088,46.7969,28.0555,5.20766,0.0272959,43.437,0.196121,539.735,6524.59,4339.12
2,1,1,1,1,32,48,1,1,1,0,15,15,15,536.357,6479.88,4336.09,47.8311,39.2796,14410,13179,78.3136,1.0520,0.0050,46.8332,0.3510,27.0150,64.3610,1.1460,10.3230,1282.3220,2849.9140,1.0420,16.1280,963.4410,2257.7670,2.2560,32.2759,46.6517,27.9692,5.29853,0.0193843,43.743,0.210105,541.675,6528.93,4341.59
3,1,1,1,1,32,48,1,1,1,0,15,15,15,531.099,6503.67,4322.94,48.0218,39.3092,14277,12561,76.8918,1.0910,0.0150,47.1255,0.3510,22.7670,59.7300,1.4360,10.0150,1209.3640,2542.3580,0.9950,16.8350,961.1800,2548.2130,2.5260,31.9866,46.9488,28.0345,5.33205,0.0220985,43.6717,0.202259,536.453,6552.67,4328.47
1,1,1,1,1,32,63,1,1,1,0,15,15,15,542.813,6608.06,5429.07,47.0672,39.4903,14451,13696,76.8335,0.8600,0.0100,48.132,0.2740,21.5530,51.3610,0.9840,8.7530,1143.9130,3115.5160,0.8270,17.7020,1048.2080,3104.2420,1.8610,32.6803,47.95,27.2769,5.2381,0.0219748,43.0411,0.196203,548.073,6656.34,5434.51
2,1,1,1,1,32,63,1,1,1,0,15,15,15,542.66,6621.96,5414.05,46.8899,39.2629,14279,13437,76.6074,0.8990,0.0010,48.2541,0.2730,23.4050,64.5430,1.8410,8.7900,1091.9670,2858.1520,1.0730,18.0090,1052.0510,3008.3180,1.7910,32.6992,48.0796,27.296,5.25458,0.0252691,43.2748,0.187231,547.94,6670.49,5419.49
3,1,1,1,1,32,63,1,1,1,0,15,15,15,546.928,6604.9,5424.41,46.6442,40.1065,14428,11638,77.2748,0.8580,0.0130,48.175,0.2730,23.9100,54.1410,1.5150,8.7330,1137.1410,3204.0570,0.6690,18.3630,1127.7860,2996.7800,2.1770,32.9511,47.9974,27.1999,5.18344,0.0253551,42.8591,0.197065,552.136,6652.95,5429.79
1,1,1,1,1,48,1,1,1,1,0,15,15,15,798.814,8174.05,659.673,45.1189,37.6304,16143,11976,91.8032,8.3530,0.0130,48.6611,2.8230,18.9220,138.2290,0.9700,17.5950,3702.8340,5383.5800,1.3630,2.8230,23.0580,165.2950,0.9760,48.6602,37.4417,48.6412,5.24619,0.0146035,43.902,0.198737,804.075,8223.2,665.118
2,1,1,1,1,48,1,1,1,1,0,15,15,15,798.768,8218.24,658.509,45.4388,37.5548,16140,10878,92.0630,8.1030,0.0020,48.6336,2.7530,18.9260,65.1420,1.1130,17.4860,3668.7010,5355.1660,1.1310,2.8300,21.6120,113.8850,0.9920,48.6319,37.5128,48.6031,5.27955,0.0158187,43.7816,0.193177,804.063,8267.3,663.982
3,1,1,1,1,48,1,1,1,1,0,15,15,15,802.34,8072.18,663.001,45.5064,37.5707,16146,11135,91.4065,7.6520,0.0020,48.9056,2.5890,19.1850,60.8270,1.1320,17.7010,3668.1280,5342.7300,1.0700,2.5890,22.8810,148.4350,0.9710,48.9029,37.1745,48.8868,5.24454,0.013242,43.5705,0.191632,807.597,8121,668.437
1,1,1,1,1,48,16,1,1,1,0,15,15,15,564.454,8749,1660.92,54.2222,38.1601,14238,15842,88.3692,1.7090,0.0040,41.5593,0.5830,28.2290,81.4150,1.4130,15.1070,2977.0560,5155.5500,1.2440,8.6990,443.4060,1786.2360,1.3950,34.0517,41.3742,29.6261,5.2804,0.0209765,45.1422,0.222797,569.756,8799.42,1666.42
2,1,1,1,1,48,16,1,1,1,0,15,15,15,567.258,8755.99,1665.91,54.715,38.7383,14372,14777,88.0263,1.6680,0.0010,41.5905,0.5430,36.7560,85.2780,1.5350,15.0480,2961.7750,5118.5090,0.8220,8.6880,521.0830,1821.0060,1.9430,34.0944,41.4169,29.5854,5.28141,0.0228676,45.0768,0.220859,572.562,8806.35,1671.41
3,1,1,1,1,48,16,1,1,1,0,15,15,15,570.435,8792.7,1663.6,54.6416,38.8474,14374,15567,88.3600,1.6730,0.0010,41.761,0.5450,37.6330,91.4720,2.0150,14.9390,2982.8200,5016.5930,1.0090,8.7150,430.1480,1524.8530,2.0770,34.2628,41.5821,29.5541,5.30666,0.0245838,45.0935,0.233941,575.766,8843.1,1669.14
1,1,1,1,1,48,32,1,1,1,0,15,15,15,564.615,8928.53,3114.01,52.5228,39.0364,14401,14578,85.6185,1.0550,0.0010,43.4852,0.3520,30.0250,58.7180,0.9260,13.3280,2618.3490,4965.7290,1.2640,11.2570,840.1210,2199.3620,2.4230,34.0181,43.3084,28.8007,5.34785,0.0293625,44.4681,0.228145,569.992,8978.35,3119.59
2,1,1,1,1,48,32,1,1,1,0,15,15,15,568.345,8873.19,3137.17,51.6661,39.8436,14460,14384,86.8215,1.0890,0.0010,43.4162,0.3500,26.0460,40.8860,1.6740,13.4600,2531.1710,4723.3220,0.6820,11.2040,950.6660,2479.5800,1.8920,34.5145,43.2389,28.9021,5.20094,0.0317412,44.7277,0.207246,573.577,8923.12,3142.58
3,1,1,1,1,48,32,1,1,1,0,15,15,15,570.378,8910.92,3117.34,51.9092,39.1714,14486,13749,88.0050,1.0540,0.0020,43.1512,0.3510,33.4810,59.8180,1.6390,13.5090,2665.7520,4843.1000,1.0440,11.2440,826.6940,2332.5330,1.6600,34.3939,42.9591,28.8608,5.29871,0.0203406,44.4051,0.214764,575.697,8960.62,3122.86
1,1,1,1,1,48,48,1,1,1,0,15,15,15,555.501,9055.27,4389.86,49.9606,40.306,14448,13594,84.2993,0.8220,0.0050,45.1369,0.2740,39.6910,56.9510,1.1060,12.1770,2064.6620,4010.7180,0.8530,13.1560,1118.8480,2464.3090,1.4600,33.4909,44.956,28.2687,5.21532,0.0275552,44.0316,0.209049,560.744,9104.52,4395.28
2,1,1,1,1,48,48,1,1,1,0,15,15,15,549.818,9076.51,4415.69,49.813,40.9028,14308,14131,81.9040,0.8990,0.0130,45.4638,0.3130,29.0180,72.2000,1.9750,11.7630,1945.5020,3961.2830,0.8040,13.1310,1045.3700,2412.3410,1.9590,33.1153,45.2882,28.3238,5.22832,0.0343422,44.1772,0.204071,555.081,9125.91,4421.12
3,1,1,1,1,48,48,1,1,1,0,15,15,15,556.047,9067.29,4462.26,50.1968,40.8072,14416,13242,84.1539,0.9010,0.0010,45.1226,0.3130,26.9000,48.6250,1.3990,12.0230,2117.1930,4144.9300,1.8310,13.1580,1213.3120,2563.2340,2.3330,33.5018,44.938,28.3917,5.22524,0.0204636,44.2843,0.220699,561.293,9116.8,4467.7
1,1,1,1,1,48,63,1,1,1,0,15,15,15,540.518,9052.58,5524.81,49.1283,41.1804,14251,12804,79.8970,0.7860,0.0100,46.1364,0.2360,31.5590,55.4440,2.7340,11.1630,1759.0250,3612.4510,1.1890,14.8580,1255.2830,2900.2280,2.1500,32.6171,45.9575,28.0165,5.26503,0.0203555,44.1432,0.212281,545.803,9101.98,5530.29
2,1,1,1,1,48,63,1,1,1,0,15,15,15,537.344,9141.12,5518.62,49.3638,41.3516,14164,13570,79.8495,0.7470,0.0010,46.2502,0.2360,26.4850,49.1560,1.6300,10.9750,1834.3580,3901.7870,0.6020,14.8690,1320.4850,2922.8710,1.5840,32.3919,46.0636,27.8832,5.28599,0.026217,43.9302,0.207631,542.656,9190.33,5524.11
3,1,1,1,1,48,63,1,1,1,0,15,15,15,555.377,9054.29,5556.65,49.3659,40.9373,14433,13910,83.5279,0.7060,0.0010,46.0072,0.2350,34.6500,75.1530,1.6040,11.0670,1848.8590,3844.8150,0.8020,14.8340,1364.4560,3084.1090,2.5520,33.5542,45.824,28.1663,5.23242,0.0229485,43.9312,0.212021,560.632,9103.45,5562.1
1,1,1,1,1,63,1,1,1,1,0,15,15,15,796.601,10206.1,657.439,46.1406,39.3222,16123,10865,92.1334,7.1770,0.0090,48.5567,2.4050,18.6070,66.0790,0.9730,17.9630,5047.7520,7192.5660,1.2430,2.4050,22.1920,161.3690,1.1000,48.5549,36.9379,48.5341,5.21514,0.0128977,44.0061,0.200899,801.829,10255.3,662.855
2,1,1,1,1,63,1,1,1,1,0,15,15,15,796.57,10080.1,658.926,45.9566,39.1749,16043,12078,92.4721,7.1640,0.0020,48.5835,2.4140,17.1890,42.3920,0.8650,17.7930,4852.1500,7312.6130,0.9990,2.4140,22.1040,99.9350,0.9630,48.566,37.1192,48.5814,5.21861,0.0220488,43.9095,0.20114,801.81,10129.2,664.345
3,1,1,1,1,63,1,1,1,1,0,15,15,15,795.246,10184.5,657.138,45.8473,38.5066,15958,11132,92.0364,7.2670,0.0070,48.4852,2.4480,18.8510,119.1780,1.1410,17.8380,4866.5330,7091.9250,1.5200,2.4480,19.9310,87.7860,1.0620,48.4841,37.0713,48.4678,5.22535,0.0142178,43.7402,0.190168,800.486,10233.5,662.554
1,1,1,1,1,63,16,1,1,1,0,15,15,15,568.686,10837.2,1651.68,54.8671,40.116,14338,14477,92.8039,1.4460,0.0010,40.817,0.4690,36.3120,111.2080,1.0580,15.7920,4240.1630,7219.6820,1.0740,7.5050,490.8030,1716.4020,2.0540,34.2997,40.6427,29.4618,5.22842,0.0218428,45.1561,0.223929,573.936,10887.6,1657.13
2,1,1,1,1,63,16,1,1,1,0,15,15,15,577.247,10602.4,1674.9,55.2102,40.279,14386,13763,93.2622,1.4460,0.0080,40.565,0.4690,30.8340,76.0200,1.6620,15.9440,3964.0750,7001.8130,1.0620,7.5030,462.1200,2314.4830,1.5630,34.9627,40.3904,30.0018,5.24212,0.0315678,45.048,0.229437,582.521,10652.7,1680.37
3,1,1,1,1,63,16,1,1,1,0,15,15,15,565.98,10744.5,1684.01,55.726,40.3607,14320,15227,92.3419,1.4830,0.0050,40.7539,0.5070,31.8170,93.1270,1.6000,15.9180,4084.1470,7204.8640,1.7110,7.4910,490.6240,2174.6760,1.4440,34.1726,40.5758,29.9266,5.25977,0.0229601,45.4178,0.224462,571.262,10795.2,1689.5
1,1,1,1,1,63,32,1,1,1,0,15,15,15,571.288,10613.6,3157.25,55.1201,41.4749,14390,16238,91.2751,0.9010,0.0010,41.7401,0.2740,39.2680,116.9250,1.2650,14.9720,3588.3570,6516.9930,0.9510,8.8190,784.4150,3099.0370,1.9330,34.5489,41.5647,29.3831,5.33291,0.0234672,45.2882,0.215171,576.644,10664.2,3162.8
2,1,1,1,1,63,32,1,1,1,0,15,15,15,575.22,10923.2,3162.77,54.2652,40.832,14369,15409,89.5979,0.8630,0.0050,42.2522,0.2750,36.3400,73.7440,1.2710,14.5210,3505.6420,6882.9250,1.8050,8.7910,889.0470,2316.0970,2.2040,34.6761,42.0741,29.2128,5.23377,0.0258883,44.8583,0.234883,580.48,10973.3,3168.23
3,1,1,1,1,63,32,1,1,1,0,15,15,15,571.099,10860.8,3108.1,53.2316,41.446,14335,14191,88.6600,0.9790,0.0020,42.2535,0.3130,42.2610,118.7180,1.8330,14.2180,3604.1560,6561.6980,1.4630,10.0270,783.1750,2265.6640,2.5220,34.5302,42.0792,28.9639,5.25839,0.0382593,44.7842,0.229248,576.396,10910.8,3113.59
1,1,1,1,1,63,48,1,1,1,0,15,15,15,571.695,10967.1,4533.03,51.3834,42.6343,14650,13688,89.1433,0.7900,0.0180,44.1135,0.2760,23.4180,44.4380,2.5780,12.8720,2640.2920,5297.8640,2.2330,11.3710,1227.0860,3767.8170,1.9110,34.6443,43.9318,28.82,5.2691,0.0258274,44.4017,0.219872,576.99,11016.8,4538.52
2,1,1,1,1,63,48,1,1,1,0,15,15,15,581.25,10951.6,4451.17,51.8251,42.4988,14621,12271,89.6331,0.7470,0.0020,43.5997,0.2360,42.3340,78.6390,1.0350,13.2460,2908.0850,6128.0690,0.5850,11.3200,1086.6600,3210.8670,2.2890,35.1004,43.4226,28.5457,5.2875,0.0282198,44.2928,0.207985,586.565,11001.1,4456.66
3,1,1,1,1,63,48,1,1,1,0,15,15,15,580.266,10961.3,4497.12,51.6777,42.5959,14582,12950,89.0554,0.7110,0.0360,43.7221,0.2370,31.4380,65.2540,1.4400,13.1880,2853.8690,6039.8570,1.0260,11.3720,1081.5420,3249.7380,3.8980,35.0248,43.5514,28.7959,5.25295,0.0199502,44.0793,0.216346,585.538,11010.6,4502.59
1,1,1,1,1,63,63,1,1,1,0,15,15,15,571.106,10839.8,5560.11,50.5099,43.5694,14642,12714,87.0913,0.6320,0.0080,44.4328,0.1970,20.8760,38.8820,1.8640,12.4380,2477.8320,4993.4080,0.6580,12.5560,1185.5920,2690.0490,3.0080,34.5691,44.2589,28.4784,5.29129,0.0274145,43.7819,0.214856,576.425,10888.9,5565.62
2,1,1,1,1,63,63,1,1,1,0,15,15,15,555.987,11054.3,5594.56,50.4152,43.7076,14448,14339,83.9095,0.7110,0.0010,45.0632,0.2370,33.3670,81.7130,1.4270,12.0880,2248.9980,4485.1010,2.8030,12.4430,1282.4070,2934.1100,2.2740,33.6518,44.8885,28.4498,5.25159,0.0257015,44.2643,0.210133,561.264,11103.8,5600.03
3,1,1,1,1,63,63,1,1,1,0,15,15,15,563.109,10956.4,5628.02,51.2518,42.8387,14593,13844,86.3088,0.7110,0.0010,44.8494,0.2370,27.8980,48.1230,1.1890,12.2860,2255.3300,4460.6810,1.0340,12.4440,1271.1810,2788.9390,1.9460,33.9838,44.6619,28.6926,5.28126,0.0212134,44.6144,0.236951,568.412,11006.3,5633.54
1,1,1,1,16,1,1,1,1,1,0,15,15,15,548.52,1071.49,466.162,42.3757,33.9808,14899,11348,62.0783,12.8430,0.0020,52.5794,25.7250,97.1500,304.1090,0.6630,5.5810,36.0020,80.1280,0.7370,5.6190,22.2950,84.4260,0.6910,10.116,52.394,31.5298,5.25927,0.0173213,42.7253,0.223848,553.797,1119.48,471.645
2,1,1,1,16,1,1,1,1,1,0,15,15,15,532.388,1062.99,474.422,42.06,32.9768,14971,10095,63.3565,13.1610,0.0010,52.2558,25.7470,94.6340,315.0300,0.7530,5.7390,35.6960,75.6130,0.6730,5.7770,22.1650,81.2310,0.6910,9.76777,52.0786,32.482,5.30296,0.0160084,42.4151,0.206677,537.707,1110.71,479.932
3,1,1,1,16,1,1,1,1,1,0,15,15,15,528.532,1066.16,468.871,41.8595,33.0693,15038,9981,62.5225,13.2100,0.0100,52.3625,25.6940,95.0680,328.2480,0.7620,5.7650,35.7480,91.9880,0.6940,5.7650,22.5600,77.4050,0.7190,9.70597,52.1831,31.7292,5.22619,0.0185405,42.5606,0.223224,533.776,1113.94,474.321
1,1,1,1,16,1,16,1,1,1,0,15,15,15,1528.47,1170.39,1527.79,38.6395,34.506,15053,9016,60.6552,3.4490,0.0010,56.8191,18.3200,174.9830,622.4860,0.8840,1.1500,29.6670,63.4790,0.7830,18.3970,278.6670,913.2620,1.0630,27.73,56.6431,27.712,5.24906,0.02049,40.4595,0.191884,1533.74,1216.1,1533.23
2,1,1,1,16,1,16,1,1,1,0,15,15,15,1525.85,1170.92,1522.32,38.8334,34.5863,14882,9209,60.3404,3.4440,0.0010,56.8597,17.9060,171.0100,642.7450,1.0890,1.1480,32.3000,81.3240,0.7620,18.3660,276.5990,953.9560,0.8600,27.7702,56.6802,27.7577,5.22223,0.018707,40.5022,0.202566,1531.09,1216.64,1527.74
3,1,1,1,16,1,16,1,1,1,0,15,15,15,1523.34,1175.93,1531.94,39.3564,33.8103,15004,9332,60.0714,3.4850,0.0100,56.9773,18.3830,174.5400,665.7180,0.9530,1.1490,37.4860,116.8510,0.7140,18.4220,276.4830,941.3260,0.9650,27.6819,56.797,27.7102,5.25498,0.0197932,40.5867,0.194822,1528.61,1221.77,1537.39
1,1,1,1,16,1,32,1,1,1,0,15,15,15,1505.55,1179.46,2886.73,38.8334,35.5937,14665,9375,60.9523,2.1920,0.0140,57.2553,11.6910,178.9780,632.9500,1.2460,0.7310,32.4770,53.2150,1.0540,22.6120,531.8160,1950.6140,0.6080,27.9462,57.074,26.7975,5.26042,0.0207585,40.5719,0.189802,1510.83,1225.3,2892.18
2,1,1,1,16,1,32,1,1,1,0,15,15,15,1510.28,1175.87,2829.39,39.2123,34.9087,14619,9211,62.0104,2.1980,0.0470,57.0968,11.6440,185.9880,601.6920,0.9820,0.7330,34.8820,83.5650,1.5510,23.4430,516.4920,1961.7220,1.0320,27.875,56.9081,26.3979,5.30137,0.0197558,40.5244,0.175648,1515.6,1221.7,2834.87
3,1,1,1,16,1,32,1,1,1,0,15,15,15,1505.31,1174.64,2868.81,39.107,35.006,14621,8617,62.2405,2.1570,0.0020,57.0859,11.2100,173.6870,620.9930,1.2030,0.6930,36.3920,82.0780,0.7800,23.4220,543.5590,1983.3410,0.8370,27.9301,56.9061,26.5805,5.22989,0.019976,40.3985,0.19002,1510.56,1220.27,2874.23
1,1,1,1,16,1,48,1,1,1,0,15,15,15,1491.02,1172.62,3607.81,38.6445,36.1999,14432,8272,62.9220,1.5860,0.0020,57.023,8.0460,181.1690,632.5150,1.0090,0.5420,28.5720,49.4800,0.7820,25.6470,765.4470,2628.2560,0.9050,27.9791,56.8496,25.9818,5.31493,0.0198385,40.2758,0.178868,1496.35,1218.21,3613.31
2,1,1,1,16,1,48,1,1,1,0,15,15,15,1494.46,1175.7,3734.9,38.7243,36.7207,14531,9176,62.7811,1.6240,0.0050,57.1449,8.6630,182.0420,646.4930,1.0040,0.5410,36.8180,77.8570,1.1430,24.9060,742.1320,2706.0390,0.8370,27.9724,56.9643,26.2008,5.29956,0.0304374,40.5887,0.17423,1499.79,1221.59,3740.37
3,1,1,1,16,1,48,1,1,1,0,15,15,15,1494.03,1177.04,3484.17,38.6555,36.7624,14393,8898,62.5027,1.5870,0.0010,57.1996,8.2830,175.8360,652.9060,1.0800,0.5030,32.4190,67.3830,0.8110,26.0090,759.9140,2943.5070,0.8700,27.9857,57.0167,25.9833,5.21225,0.0190847,40.3508,0.178014,1499.27,1222.6,3489.56
1,1,1,1,16,1,63,1,1,1,0,15,15,15,1500.83,1176.98,3953.26,38.8364,37.6835,14379,9733,62.7137,1.3570,0.0090,57.2101,7.4030,214.4590,641.7730,0.9870,0.4260,38.2010,86.9300,0.8070,26.0850,909.3940,3354.6170,1.0830,28.0012,57.0282,24.0271,5.23829,0.0202535,40.4869,0.17417,1506.09,1222.71,3958.67
2,1,1,1,16,1,63,1,1,1,0,15,15,15,1501.3,1178.83,3981.94,39.3403,37.4701,14448,9395,63.1263,1.3580,0.0070,57.3028,7.2160,210.8630,650.7050,1.5310,0.4660,37.9370,66.8580,0.9850,26.1100,903.2930,3200.9180,0.8580,28.0448,57.126,24.1564,5.24519,0.0207175,40.6584,0.178019,1506.56,1224.73,3987.36
3,1,1,1,16,1,63,1,1,1,0,15,15,15,1497.55,1178.93,4056.34,39.4581,37.7636,14380,8981,62.5734,1.3600,0.0120,57.2554,6.9150,220.8800,699.9760,1.2940,0.4660,37.4310,67.2640,0.9660,26.1450,936.3600,3363.4630,1.7520,27.9926,57.073,24.6095,5.28958,0.0217002,40.7101,0.176051,1502.86,1224.93,4061.8
1,1,1,1,16,16,1,1,1,1,0,15,15,15,1513.93,3370.42,493.116,50.2588,34.2127,14708,12287,79.1967,3.3420,0.0040,44.3506,17.8240,222.5990,753.7120,0.8710,12.7530,818.8930,1727.8420,1.1430,1.1140,34.1660,178.1460,1.4110,27.3233,44.1651,33.9065,5.25198,0.0192316,44.3787,0.224657,1519.2,3420.05,498.593
2,1,1,1,16,16,1,1,1,1,0,15,15,15,1522.58,3341.41,492.861,51.002,35.2842,14664,12589,79.3930,3.4230,0.0060,43.9391,17.8480,232.9350,693.4140,1.1300,13.1170,838.9840,1779.9200,1.2390,1.1160,33.5730,202.7140,1.4240,27.4254,43.76,34.0404,5.28755,0.0247888,44.3336,0.220453,1527.89,3391.03,498.37
3,1,1,1,16,16,1,1,1,1,0,15,15,15,1525.21,3329.4,494.975,50.9012,34.3491,14789,12104,79.5409,3.3340,0.0010,43.8645,17.2050,233.1970,808.4180,0.9500,13.1050,835.1360,1781.3160,0.8890,1.1110,28.5200,131.5470,1.2780,27.561,43.6869,34.1645,5.21183,0.0225074,44.49,0.221775,1530.45,3379.1,500.409
1,1,1,1,16,16,16,1,1,1,0,15,15,15,1584.12,3542.34,1677.36,46.9045,36.0999,14420,12889,69.9598,2.0400,0.0010,47.5072,11.0830,185.6780,570.0230,1.1710,9.7740,749.6210,1670.7180,0.8110,10.4670,409.9700,1206.8040,1.5140,29.6073,47.3299,29.9425,5.25517,0.0275926,43.81,0.224892,1589.4,3591.4,1682.84
2,1,1,1,16,16,16,1,1,1,0,15,15,15,1582.62,3502.24,1676.31,47.2052,35.0632,14352,12979,70.7867,2.0050,0.0010,47.2458,10.4890,182.4790,510.9440,1.2280,10.1420,677.5440,1576.5610,0.7160,10.4890,395.7760,911.2410,1.4160,29.5382,47.0624,29.7645,5.31768,0.0267263,43.8809,0.211888,1587.97,3551.44,1681.84
3,1,1,1,16,16,16,1,1,1,0,15,15,15,1579.24,3533.11,1665.38,47.2966,35.7829,14427,13945,70.2207,2.0070,0.0240,47.4991,10.4960,178.9370,572.2420,1.1000,9.8790,680.9950,1691.2940,1.2570,10.4960,382.0670,1081.1390,1.6600,29.3946,47.3266,29.7054,5.375,0.0224276,44.2467,0.221223,1584.64,3582.74,1670.97
1,1,1,1,16,16,32,1,1,1,0,15,15,15,1563.63,3648.64,3057.75,45.1828,37.2869,14282,13267,67.5910,1.4690,0.0010,49.9587,7.4220,197.7340,551.6110,1.5080,7.6150,523.3380,1408.2460,0.7960,15.5770,604.8960,1682.2630,2.1260,29.1643,49.7869,28.8003,5.24588,0.0258013,43.2467,0.205776,1568.9,3697.13,3063.2
2,1,1,1,16,16,32,1,1,1,0,15,15,15,1559.78,3656.06,3064.36,45.4122,36.4344,14268,13244,68.1382,1.4350,0.0010,50.0466,7.4450,181.2010,535.3310,1.1590,7.4450,522.9660,1503.6250,1.4470,15.8210,590.8270,1689.4480,2.2250,29.1846,49.8727,28.8199,5.34473,0.0265141,43.0688,0.221626,1565.15,3704.47,3069.93
3,1,1,1,16,16,32,1,1,1,0,15,15,15,1585.41,3664.37,3052.5,44.4236,36.3523,14291,11466,67.6565,1.4680,0.0410,50.1116,7.6860,194.1380,529.6970,1.5180,7.4150,536.6590,1476.6950,2.0190,16.0660,618.8410,1790.8450,1.7160,29.071,49.9336,28.6839,5.25744,0.0380279,43.1497,0.220733,1590.7,3712.78,3057.98
1,1,1,1,16,16,48,1,1,1,0,15,15,15,1544.93,3766.58,4265.35,42.9481,38.143,14215,10961,67.7732,1.2030,0.0020,51.4811,6.2060,195.2640,628.8420,1.0810,6.1680,506.2390,1251.7270,0.6560,18.6190,840.1240,2741.2720,1.7800,28.7354,51.3053,27.7336,5.21003,0.0200398,42.4424,0.213852,1550.16,3814.23,4270.77
2,1,1,1,16,16,48,1,1,1,0,15,15,15,1542.49,3770.88,4241.55,43.2362,37.6062,14268,11945,67.3068,1.2420,0.0020,51.5963,6.2110,174.4560,584.7120,1.1880,6.2500,507.1340,1317.8130,0.8610,18.6330,822.9550,2677.4600,1.7730,28.7872,51.4196,27.6291,5.24168,0.0282982,42.476,0.216405,1547.76,3818.59,4247.01
3,1,1,1,16,16,48,1,1,1,0,15,15,15,1552.02,3774.39,4281.01,42.8719,38.3315,14261,11329,67.3598,1.2010,0.0140,51.6535,6.2010,182.5900,600.6120,1.3750,6.2010,512.9490,1347.4240,0.9150,18.6020,816.5370,2635.9960,1.9070,28.8078,51.4804,27.8951,5.21598,0.0240353,42.6338,0.19557,1557.26,3822.24,4286.42
1,1,1,1,16,16,63,1,1,1,0,15,15,15,1521.95,3854.14,5361.28,42.7331,39.4756,14170,10896,65.3450,0.9740,0.0070,52.6609,4.9860,180.3720,614.6450,1.1860,4.9860,515.9180,1344.9770,1.1050,20.5670,986.0830,3306.0680,1.7300,28.6763,52.4837,26.9791,5.1924,0.0243665,42.102,0.20482,1527.17,3901.44,5366.68
2,1,1,1,16,16,63,1,1,1,0,15,15,15,1531.51,3835.5,5360.62,43.1985,38.4028,14223,10167,66.9749,1.0140,0.0010,52.4018,4.9930,184.6960,599.7240,1.5480,5.0320,514.2290,1391.9630,0.6070,20.5190,1005.7750,3268.4880,1.7390,28.8188,52.2254,26.9593,5.27032,0.0194924,41.889,0.189297,1536.8,3882.66,5366.08
3,1,1,1,16,16,63,1,1,1,0,15,15,15,1535.48,3827.43,5337.93,43.0526,39.083,14078,12654,66.8157,1.0130,0.0010,52.1695,4.9890,197.9040,623.9990,1.3140,5.4570,544.3220,1519.6100,0.7660,19.8410,995.5580,3334.3210,1.2340,28.7531,51.9967,26.9616,5.26678,0.0264372,42.4985,0.190121,1540.77,3875.19,5343.39
1,1,1,1,16,32,1,1,1,1,0,15,15,15,1534.21,6166.05,498.444,53.4494,36.0813,14571,14532,86.1805,2.5490,0.0010,42.0382,13.4800,255.5290,925.2210,1.3270,14.7160,1912.0150,3416.5710,1.4100,0.8500,28.4650,139.4570,1.3640,27.9842,41.856,34.2543,5.27609,0.0194319,44.9592,0.224505,1539.51,6216.29,503.944
2,1,1,1,16,32,1,1,1,1,0,15,15,15,1546.05,6158.44,494.205,53.0088,36.1486,14507,12513,85.6962,2.5030,0.0020,42.1115,13.5520,250.5350,915.7910,0.7110,14.5920,1950.3210,3370.4120,1.1380,0.8090,34.9740,151.4350,1.8710,28.2172,41.9292,33.8173,5.18814,0.0198407,44.9771,0.226662,1551.26,6208.61,499.62
3,1,1,1,16,32,1,1,1,1,0,15,15,15,1545.71,6146.99,499.428,53.4174,36.8027,14446,13279,86.3715,2.5040,0.0020,41.9185,12.9440,245.5950,912.2160,1.5870,14.8310,1888.9640,3446.3200,1.1850,0.8090,24.8640,68.4610,1.9100,28.2257,41.7431,34.1785,5.19191,0.0296887,45.0132,0.234156,1550.94,6197.2,504.854
1,1,1,1,16,32,16,1,1,1,0,15,15,15,1607.99,6280.74,1710.31,50.3565,36.9057,14048,13801,77.3469,1.4730,0.0010,44.2623,7.4400,188.5990,556.4410,0.7990,12.9820,1616.9230,2998.1450,1.1070,7.6340,420.2050,1340.8360,2.0530,30.2756,44.0861,30.5332,5.30792,0.0296248,44.862,0.241524,1613.33,6330.91,1715.86
2,1,1,1,16,32,16,1,1,1,0,15,15,15,1610.03,6279.29,1773.15,50.5776,36.6891,14084,13467,77.0202,1.4690,0.0100,44.2232,7.4630,177.1830,474.5750,1.4660,12.8770,1646.4630,3151.7120,1.6250,8.0430,485.9800,1217.1160,2.1390,30.255,44.0444,30.7721,5.24831,0.028559,44.4241,0.241571,1615.31,6328.96,1778.64
3,1,1,1,16,32,16,1,1,1,0,15,15,15,1613.94,6338.35,1766.2,50.9972,37.4596,14112,15057,77.0517,1.4680,0.0130,44.5485,7.4170,183.9330,511.8440,0.8830,12.8250,1603.8950,3148.3770,1.8590,7.5710,432.5380,1514.4590,1.7640,30.3561,44.3655,30.8976,5.22929,0.022166,44.9008,0.234729,1619.19,6388.48,1771.67
1,1,1,1,16,32,32,1,1,1,0,15,15,15,1613.5,6469.32,3184.01,48.9529,38.847,14012,14880,74.0798,1.0880,0.0020,46.4154,5.5930,252.6100,610.6080,1.5570,11.1090,1379.8740,2604.6650,1.6700,11.2260,727.7340,1678.9910,1.8510,30.153,46.2307,29.6887,5.22918,0.0301109,44.4424,0.221295,1618.76,6518.99,3189.46
2,1,1,1,16,32,32,1,1,1,0,15,15,15,1605.18,6407,3211.73,49.3073,38.8806,14165,14166,74.0477,1.0860,0.0130,46.1647,5.5870,228.8510,522.5540,1.6580,11.1750,1361.7100,2694.6710,1.3020,11.2140,737.9610,1655.9050,2.1050,30.1506,45.9852,29.7245,5.22481,0.0230693,44.2084,0.211093,1610.43,6456.44,3217.16
3,1,1,1,16,32,32,1,1,1,0,15,15,15,1615.04,6399.28,3182.31,48.8858,38.8592,14084,13616,76.5479,1.1260,0.0010,46.0119,5.5900,246.1630,498.9870,1.5800,11.2570,1371.3650,2783.1940,0.7670,11.2180,763.0130,1735.1950,1.9060,30.306,45.8372,29.5102,5.25488,0.0224874,43.9158,0.219988,1620.32,6448.46,3187.78
1,1,1,1,16,32,48,1,1,1,0,15,15,15,1578.15,6574.76,4427.93,46.6772,39.7889,14029,12215,71.9487,0.9750,0.0020,48.1188,4.9910,217.6810,573.8820,0.9340,8.8120,1039.8070,2634.8700,1.3300,14.9730,981.7360,2549.2520,1.4230,29.6975,47.9436,28.7557,5.24874,0.020716,43.2776,0.211538,1583.42,6623.29,4433.39
2,1,1,1,16,32,48,1,1,1,0,15,15,15,1567.93,6625.42,4364.39,46.3646,39.1588,14135,12813,72.0691,0.9750,0.0030,48.068,4.9920,216.0900,555.1230,1.1850,8.9300,1085.3820,2876.5050,0.8380,14.9750,1029.9210,2536.7820,2.0560,29.5604,47.8861,28.3928,5.25209,0.024352,43.0053,0.211459,1573.21,6673.68,4369.86
3,1,1,1,16,32,48,1,1,1,0,15,15,15,1581.11,6562.32,4511.58,46.6239,40.0152,14074,12364,73.6253,0.9360,0.0230,47.819,4.4090,218.2210,495.0700,1.7920,9.1680,1118.1050,2897.1140,1.4860,14.9820,1098.2970,2671.8170,1.7190,29.8089,47.647,29.0039,5.20992,0.030757,43.6046,0.214505,1586.35,6611.13,4517.01
1,1,1,1,16,32,63,1,1,1,0,15,15,15,1559.04,6802.34,5450.96,44.8177,41.116,14086,11510,70.5813,0.8620,0.0020,49.5786,4.3890,207.2430,607.9880,2.0800,7.6020,982.6110,2559.6790,1.1830,17.2800,1169.0940,3499.1610,1.4600,29.3962,49.4001,27.7807,5.28465,0.0342214,43.0125,0.213788,1564.36,6850.64,5456.46
2,1,1,1,16,32,63,1,1,1,0,15,15,15,1573.48,6844.02,5627.15,45.6658,40.9673,14022,12388,71.9100,0.7850,0.0010,49.7566,3.7680,178.1050,501.3120,1.7410,7.6550,1004.1580,2599.4120,0.9480,17.1540,1185.4710,3529.2460,2.2820,29.5715,49.584,28.5938,5.24903,0.0228886,43.1668,0.199911,1578.75,6892.44,5632.6
3,1,1,1,16,32,63,1,1,1,0,15,15,15,1559.84,6897.13,5556.38,45.4485,39.9434,14053,13584,70.1748,0.8220,0.0010,50.0383,4.1120,176.6130,504.7070,1.2060,7.5590,1033.1260,2841.1460,0.8180,17.2720,1208.8940,3512.9540,2.0980,29.4292,49.8627,28.026,5.27373,0.0233432,43.5822,0.209023,1565.14,6945.99,5561.87
1,1,1,1,16,48,1,1,1,1,0,15,15,15,1567.7,8576.52,507.208,56.0609,38.6023,14327,13830,89.2892,2.0620,0.0070,40.5875,10.5830,302.7910,1559.5010,1.1380,15.9530,3119.1110,5127.3640,1.2190,0.7000,32.1200,126.2260,1.8140,28.6416,40.4104,34.6726,5.35061,0.0256279,45.1249,0.220464,1573.08,8627,512.779
2,1,1,1,16,48,1,1,1,1,0,15,15,15,1574.71,8536.27,505.578,55.0981,38.7249,14374,13190,90.2719,2.0990,0.0020,40.4612,10.7680,286.5420,1380.0060,1.3790,15.9770,3158.2530,5148.9950,1.2760,0.7000,31.0980,98.7760,1.4580,28.6901,40.2873,34.6004,5.33631,0.0244594,45.0835,0.218225,1580.08,8586.69,511.133
3,1,1,1,16,48,1,1,1,1,0,15,15,15,1547.79,8823.23,504.076,54.3078,38.7061,14334,12803,89.7905,2.1300,0.0010,41.37,11.1530,244.0280,1039.4210,1.2060,15.3750,3095.0890,5082.4180,1.6290,0.6970,23.2660,85.4540,1.7100,28.4849,41.1983,34.3747,5.23339,0.0270532,45.2938,0.239017,1553.05,8873.76,509.549
1,1,1,1,16,48,16,1,1,1,0,15,15,15,1639.4,8673.67,1792.61,52.6161,39.3748,14022,14903,81.9631,1.1650,0.0110,42.4607,6.2160,272.1280,1096.4790,1.5040,14.5290,2647.6550,4815.4260,0.9170,5.6720,447.5680,1489.3650,1.5980,30.7002,42.2811,31.439,5.1982,0.0231995,45.058,0.250479,1644.62,8723.93,1798.06
2,1,1,1,16,48,16,1,1,1,0,15,15,15,1646.66,8850.72,1789.71,52.6278,38.7889,14131,14094,81.0739,1.1640,0.0230,42.7952,6.2080,265.3830,1015.2880,1.6130,14.0850,2667.7950,4753.2610,1.8020,6.2080,576.9100,1880.4460,2.1810,30.9165,42.6194,31.1549,5.20178,0.0416095,44.9897,0.244231,1651.91,8900.91,1795.16
3,1,1,1,16,48,16,1,1,1,0,15,15,15,1636.51,8812.79,1779.01,52.2482,39.4989,14036,13949,81.9041,1.2040,0.0020,42.799,6.2130,239.9470,930.0650,1.4700,14.0170,2591.0600,4656.4430,0.7860,6.2130,625.1480,2023.8430,1.5250,30.7219,42.625,31.1109,5.22854,0.0388575,45.0493,0.233854,1641.77,8863.07,1784.47
1,1,1,1,16,48,32,1,1,1,0,15,15,15,1632.25,8869.35,3263.34,50.9354,40.7048,14027,14523,79.2880,0.8960,0.0010,44.2796,4.3640,203.9240,469.9940,1.6890,13.0130,2252.7960,4388.1670,0.9080,8.8050,870.3060,2361.2400,2.7010,30.7683,44.1086,30.2202,5.21432,0.0321413,44.8083,0.233336,1637.5,8919.38,3268.79
2,1,1,1,16,48,32,1,1,1,0,15,15,15,1635.93,8978.39,3330.72,51.4135,40.7424,13927,14075,79.0195,0.8580,0.0130,44.425,4.3680,257.1270,716.3150,0.9700,13.0260,2381.8160,4666.1080,0.9220,9.0480,969.3540,2912.0170,2.1320,30.6784,44.2509,30.255,5.20872,0.0231756,44.929,0.233992,1641.17,9028.53,3336.16
3,1,1,1,16,48,32,1,1,1,0,15,15,15,1641.22,8959.5,3316.62,52.0596,39.9479,13980,14694,79.2890,0.9380,0.0010,44.4492,4.4570,265.2190,542.2050,1.0700,12.7070,2195.8780,4317.1480,1.3140,8.7580,796.3390,2220.2130,3.5700,30.8852,44.2691,30.5922,5.26167,0.029265,44.8536,0.241363,1646.51,9009.62,3322.13
1,1,1,1,16,48,48,1,1,1,0,15,15,15,1598.66,9006.44,4518.14,48.7749,41.6393,14002,13573,77.5733,0.7450,0.0010,45.8043,3.7640,203.6990,441.1140,1.0650,11.2910,1892.3160,4018.0210,0.8160,11.8400,1157.9770,2534.3130,2.1700,30.2465,45.6185,29.2141,5.27285,0.026501,44.0269,0.243649,1603.96,9055.74,4523.66
2,1,1,1,16,48,48,1,1,1,0,15,15,15,1593.88,9197.55,4592.82,48.9301,41.4815,13975,13710,76.8724,0.7840,0.0020,45.8887,4.3920,226.1840,709.9030,1.1710,11.3710,2133.5900,4281.8680,1.8820,11.2930,1237.1700,2444.5990,1.9750,30.1373,45.7118,29.2473,5.22641,0.0338688,44.2086,0.225926,1599.14,9246.98,4598.27
3,1,1,1,16,48,48,1,1,1,0,15,15,15,1601.03,9031.23,4519.72,48.7433,41.6081,14032,12836,77.9657,0.7820,0.0020,45.9388,3.7550,191.7140,464.9880,1.3290,11.3440,1889.2060,3945.5340,0.6540,11.9310,1062.0660,2260.0820,2.2550,30.3676,45.7629,29.2668,5.17406,0.0258684,44.0162,0.220433,1606.23,9080.42,4525.12
1,1,1,1,16,48,63,1,1,1,0,15,15,15,1580.41,9243.15,5608.85,46.9256,42.5302,13982,13079,75.2466,0.6710,0.0110,47.377,3.3530,158.4060,451.2950,1.4670,9.4660,1642.2650,3893.1180,1.7540,14.9100,1363.6290,3474.2380,2.0140,29.9963,47.1986,28.3227,5.29181,0.0236693,43.2281,0.223759,1585.73,9291.67,5614.36
2,1,1,1,16,48,63,1,1,1,0,15,15,15,1595.47,9275.81,5630.33,47.1216,42.6361,13976,12410,75.2307,0.7100,0.0020,47.4241,3.2720,183.9460,452.7560,1.2790,9.5780,1635.4810,3874.5180,0.9090,14.9000,1377.5800,3435.6790,3.2540,30.0247,47.2478,28.3375,5.28064,0.0188587,43.318,0.21697,1600.77,9324.41,5635.82
3,1,1,1,16,48,63,1,1,1,0,15,15,15,1593.89,9283.16,5642.66,46.9859,42.6719,14019,13468,75.2961,0.7080,0.0060,47.5281,3.4230,211.8730,496.0230,0.9170,9.5210,1629.6720,3943.6410,1.3600,14.8720,1382.7480,3400.4270,1.8710,30.1,47.3341,28.3592,5.24584,0.0206362,43.533,0.203491,1599.16,9331.94,5648.11
1,1,1,1,16,63,1,1,1,1,0,15,15,15,1563.31,10335.5,510.669,56.9577,39.1737,14169,14230,92.3275,1.7520,0.0030,39.8214,9.3470,256.1160,1218.5730,1.8620,16.6290,4253.4270,6861.0540,1.9640,0.5840,24.9520,45.7390,1.6210,29.0395,39.6452,34.8089,5.24545,0.0266273,45.2816,0.249925,1568.59,10386,516.164
2,1,1,1,16,63,1,1,1,1,0,15,15,15,1568.73,10551,512.743,56.0138,40.0954,14421,13228,92.7289,1.7960,0.0020,40.3267,9.3690,299.5770,1217.7560,1.2720,16.2390,4077.1230,7106.6610,1.6360,0.5860,32.5110,149.7750,1.8980,28.8279,40.1522,34.9987,5.28631,0.0345657,45.1073,0.232891,1574.05,10601.4,518.262
3,1,1,1,16,63,1,1,1,1,0,15,15,15,1565.51,10483.1,512.759,56.0168,39.4791,14224,14911,92.0211,1.8330,0.0020,40.1955,9.4750,259.8240,1217.2120,1.1360,16.4930,4280.8220,6780.9270,1.4160,0.6240,28.3340,143.5720,1.5390,28.8961,40.0114,34.9677,5.31797,0.0216077,45.3747,0.231041,1570.85,10533.8,518.308
1,1,1,1,16,63,16,1,1,1,0,15,15,15,1668.01,10838.1,1731.51,54.1393,40.4464,14002,14913,85.4473,0.9380,0.0010,41.5808,5.0030,275.2150,1030.6680,1.2800,15.2820,3706.4550,6718.5610,1.5000,5.0030,547.6100,2029.9190,2.1060,31.4092,41.4035,31.5171,5.22486,0.0229674,45.3552,0.263658,1673.26,10888.6,1737
2,1,1,1,16,63,16,1,1,1,0,15,15,15,1647.94,10984,1752.82,53.0597,40.8423,14212,14358,85.4765,1.0550,0.0010,42.138,5.6250,262.8160,972.7640,2.3360,14.8060,3873.1230,7065.2800,1.0120,5.6250,506.9070,1485.9180,1.4870,30.9821,41.9633,31.3002,5.21923,0.0413026,45.2727,0.233387,1653.2,11034.5,1758.28
3,1,1,1,16,63,16,1,1,1,0,15,15,15,1673.75,10841.5,1787.51,53.9917,40.8855,14110,14528,85.4641,0.9370,0.0010,41.6651,4.9970,333.6000,1061.5030,1.7330,15.1470,3704.6870,6879.0070,1.0010,4.9970,575.2950,2038.3730,1.9650,31.3958,41.4898,31.5626,5.17765,0.0231651,45.2556,0.245706,1678.96,10892,1792.94
1,1,1,1,16,63,32,1,1,1,0,15,15,15,1653.01,10695,3308.5,52.7433,41.8144,13873,15154,83.9816,0.7850,0.0190,42.6139,3.7670,247.8530,611.8190,0.9800,14.0880,3096.7600,5544.7320,1.6520,7.5350,804.2810,2585.3890,1.7700,31.2579,42.434,30.5394,5.26475,0.0309337,44.6424,0.233379,1658.31,10744.9,3314
2,1,1,1,16,63,32,1,1,1,0,15,15,15,1661.65,10771.7,3302.83,52.305,41.5866,13963,13899,85.0892,0.7450,0.0020,42.7682,3.7620,250.8580,680.6280,0.8730,13.9910,3080.5920,6116.4570,1.2080,7.5250,771.1730,2679.0430,2.9820,31.3784,42.5944,30.6878,5.22444,0.0256493,44.921,0.238894,1666.9,10821.8,3308.3
3,1,1,1,16,63,32,1,1,1,0,15,15,15,1652.61,10812.9,3334.32,52.9401,42.2619,13977,13929,85.9727,0.7470,0.0360,42.8658,3.7720,243.7230,645.0450,1.9230,13.9480,3108.5120,5969.5890,2.4870,7.5440,902.8120,2777.3130,1.5980,31.1752,42.6898,30.7534,5.28993,0.0217521,44.9894,0.226306,1657.92,10863.2,3339.84
1,1,1,1,16,63,48,1,1,1,0,15,15,15,1629.94,10949.6,4644.52,50.8377,43.3651,13984,14136,80.6605,0.6300,0.0020,44.6936,3.1510,249.7010,758.7170,1.6080,12.4090,2539.7100,4936.2270,0.9750,9.9670,998.3260,2049.1510,2.2880,30.9419,44.5134,29.9938,5.22517,0.0324108,44.4096,0.212713,1635.19,10999.2,4649.96
2,1,1,1,16,63,48,1,1,1,0,15,15,15,1625.2,11076.5,4665.07,51.4483,43.4337,13848,14467,80.6300,0.6730,0.0020,44.4616,3.7990,290.9990,1032.0560,0.9970,12.5850,2626.8110,5474.4720,1.9670,9.4980,1101.3590,2511.8250,4.0620,30.632,44.2834,29.8306,5.25692,0.0272222,44.704,0.225455,1630.49,11126.5,4670.55
3,1,1,1,16,63,48,1,1,1,0,15,15,15,1619.91,10911.6,4600.22,50.3579,43.1665,13900,14902,80.5178,0.6710,0.0020,44.5301,3.1580,235.2010,559.9390,3.7450,12.4750,2556.3260,4976.8440,1.3190,9.7510,1013.8510,2328.9730,1.8530,30.6012,44.352,29.7409,5.23377,0.0344793,44.3196,0.245571,1625.17,10961.2,4605.7
1,1,1,1,16,63,63,1,1,1,0,15,15,15,1614.34,10916.8,5759.25,50.3054,44.4688,14026,12647,80.5855,0.5930,0.0010,44.4409,3.1640,215.0810,552.5800,1.1090,12.4590,2623.8270,5154.5700,0.6780,10.0470,1461.5270,3129.9120,2.7820,30.6412,44.2617,29.2573,5.25398,0.0195095,44.2152,0.216974,1619.61,10966.3,5764.72
2,1,1,1,16,63,63,1,1,1,0,15,15,15,1592.1,11383,5662.48,48.4287,44.4549,13848,12729,76.7805,0.6320,0.0010,46.1553,3.1610,221.2940,497.7580,1.0960,11.2210,2160.1950,4617.7260,1.0800,12.4460,1288.0460,2873.3520,2.0020,29.7475,45.9772,29.0797,5.18343,0.0259174,44.161,0.209078,1597.31,11432.4,5667.87
3,1,1,1,16,63,63,1,1,1,0,15,15,15,1589.42,11433.4,5625.07,48.6683,43.6751,13969,14418,77.4581,0.6330,0.0020,46.2777,3.1630,217.0500,513.8810,1.5800,10.8720,2098.2040,4660.5850,0.5940,12.4530,1272.4170,3131.7080,4.2330,30.163,46.102,28.6895,5.20869,0.0239911,43.9789,0.226474,1594.65,11482.5,5630.51
1,1,1,1,32,1,1,1,1,1,0,15,15,15,701.654,1063.56,469.45,41.8732,34.6594,14961,9995,62.0942,12.3310,0.0120,52.1822,25.8520,155.0380,466.5870,0.6390,5.7240,35.5100,80.9070,0.7020,5.7240,23.1390,65.8650,0.7180,7.12349,52.0066,31.7145,5.32735,0.0189331,42.4065,0.225888,707,1111.29,475.003
2,1,1,1,32,1,1,1,1,1,0,15,15,15,726.868,1071.34,471.059,43.1362,34.6952,14980,11016,62.4473,12.0080,0.0240,52.5564,25.8180,161.3130,479.9270,0.7600,5.5630,36.5290,75.4340,0.7490,5.5630,23.7640,64.6070,0.6920,7.46604,52.379,31.8993,5.26936,0.0175774,42.7961,0.212357,732.155,1119.4,476.541
3,1,1,1,32,1,1,1,1,1,0,15,15,15,750.188,1069.09,470.542,42.7638,34.424,14934,10811,62.8140,12.0520,0.0020,52.4839,25.8310,162.8750,482.1900,0.7740,5.6040,34.7510,75.5330,0.6820,5.5650,22.0560,55.7130,0.6540,7.60589,52.3008,32.1435,5.26683,0.0174856,42.434,0.228171,755.473,1116.79,476.037
1,1,1,1,32,1,16,1,1,1,0,15,15,15,2276.1,1174.07,1559.03,39.6644,34.9058,15213,8911,60.4032,2.5770,0.0010,56.9799,25.8820,314.1260,1080.3340,1.0160,0.8460,38.7800,75.7510,0.8460,13.5370,296.6980,943.1970,0.6770,24.6728,56.8028,28.0139,5.27884,0.0152332,40.7067,0.195663,2281.4,1220.05,1564.51
2,1,1,1,32,1,16,1,1,1,0,15,15,15,2417.35,1169.37,1566.01,38.6864,35.5466,15123,7856,60.8720,2.6110,0.0010,56.8126,25.8380,343.3780,1138.2490,1.3090,0.9210,37.6350,90.9110,0.7240,13.5140,284.8450,967.3460,0.7320,25.8121,56.6347,28.1239,5.22493,0.016365,40.659,0.2026,2422.59,1215.25,1571.44
3,1,1,1,32,1,16,1,1,1,0,15,15,15,2405.63,1170.8,1560.61,39.1378,35.4114,15209,8687,61.8798,2.6180,0.0020,56.8553,25.9120,340.6520,1161.6760,1.0400,0.8860,35.0350,61.7350,0.7570,13.5530,285.4230,943.1790,1.0300,25.7396,56.6738,28.0735,5.307,0.0185405,40.6195,0.194817,2410.96,1216.73,1566.11
1,1,1,1,32,1,32,1,1,1,0,15,15,15,2838.95,1188.23,2940.93,38.6177,36.1982,14975,8159,61.4991,1.8150,0.0020,57.1903,18.5370,357.4720,1312.9910,1.1920,0.6180,42.1620,117.9750,0.8230,18.6530,527.7800,1871.7660,0.8050,27.1543,57.0107,27.4115,5.25379,0.0203961,40.1889,0.195485,2844.23,1233.67,2946.38
2,1,1,1,32,1,32,1,1,1,0,15,15,15,2852.28,1188.99,2901.25,38.6172,36.7946,15014,8778,61.1600,1.8150,0.0020,57.2079,18.5360,371.0170,1314.6830,1.0830,0.6180,41.5800,87.1720,0.7310,18.7290,498.5450,1878.4630,0.9260,27.1399,57.0304,27.4224,5.27077,0.0196274,40.3231,0.194403,2857.57,1234.58,2906.72
3,1,1,1,32,1,32,1,1,1,0,15,15,15,2839.21,1191.02,2918.5,39.5254,36.0014,14915,8690,61.3807,1.7750,0.0100,57.2931,18.5260,363.5820,1254.8780,1.3990,0.5790,42.6880,91.2220,1.0390,18.6040,510.0320,1924.0670,0.8180,27.1542,57.1119,27.4182,5.26298,0.0174392,40.2733,0.182681,2844.49,1236.56,2923.95
1,1,1,1,32,1,48,1,1,1,0,15,15,15,2833.79,1190.48,4170.55,38.7337,37.8158,14747,9810,61.8152,1.4030,0.0010,57.2843,14.9640,362.6110,1349.4430,1.0310,0.4680,43.6980,75.3560,0.8090,20.6530,758.1010,2848.6640,0.7990,27.1978,57.1106,27.0213,5.36352,0.0274994,40.4617,0.186728,2839.18,1236.31,4176.1
2,1,1,1,32,1,48,1,1,1,0,15,15,15,2829.35,1189.78,4164.15,39.296,37.0623,14733,9466,62.3411,1.3190,0.0010,57.3146,13.6510,366.3320,1247.7150,0.8750,0.4270,48.9280,108.0760,1.1260,21.9490,762.5820,2763.4490,0.6840,27.2535,57.1328,26.7416,5.23904,0.02132,40.2108,0.177287,2834.62,1235.23,4169.57
3,1,1,1,32,1,48,1,1,1,0,15,15,15,2830.29,1186.48,4160.01,38.4489,37.15,14703,8398,62.4625,1.3970,0.0050,57.183,13.7750,363.3290,1291.6830,1.1090,0.4660,38.7640,88.7190,0.7760,21.5750,740.1810,2753.9440,0.8200,27.2532,57.0089,26.7407,5.30066,0.0273006,40.1591,0.185581,2835.62,1231.94,4165.5
1,1,1,1,32,1,63,1,1,1,0,15,15,15,2808.1,1187.52,4996.28,38.7334,38.485,14598,9429,62.2538,1.1330,0.0010,57.2164,11.2500,381.5140,1284.6000,1.4150,0.3910,38.9160,99.9920,0.6280,23.1260,916.0050,3471.3570,0.6670,27.2515,57.0445,26.5276,5.31498,0.018752,40.3776,0.189199,2813.44,1233.22,5001.79
2,1,1,1,32,1,63,1,1,1,0,15,15,15,2813.32,1187.4,5152.56,38.7532,38.7375,14660,9118,62.2355,1.1680,0.0010,57.2164,12.4600,360.4100,1297.4370,0.8430,0.3890,39.6570,80.3250,1.0160,22.2330,946.9950,3658.2040,0.5810,27.208,57.0324,26.6151,5.26424,0.0185706,40.3329,0.190929,2818.6,1233,5158.01
3,1,1,1,32,1,63,1,1,1,0,15,15,15,2802.55,1184.81,4956.97,38.3714,38.8916,14522,9031,62.3118,1.1310,0.0120,57.1138,11.2350,375.0630,1273.6890,1.0730,0.3900,34.3720,72.7610,1.0180,23.7180,935.5930,3447.1650,0.7130,27.2006,56.9335,26.3253,5.32229,0.0187665,40.321,0.183756,2807.89,1230.46,4962.48
1,1,1,1,32,16,1,1,1,1,0,15,15,15,2816.93,3501.76,485.666,48.1784,36.3378,14965,12121,76.2798,2.2390,0.0150,46.8309,23.4740,392.5590,1099.3620,1.0830,10.5400,723.0660,1680.5040,1.6200,0.7340,43.3790,146.4730,1.7010,26.4148,46.6496,32.9841,5.28819,0.0175451,43.9594,0.228808,2822.24,3551.01,491.183
2,1,1,1,32,16,1,1,1,1,0,15,15,15,2797.35,3483.05,485.045,48.5719,36.1032,15090,12531,74.5537,2.2000,0.0020,46.9613,23.4720,392.7930,1072.4080,1.2520,10.4620,672.6640,1662.6270,1.0110,0.7720,39.2460,162.3350,1.1500,26.4316,46.7827,32.8928,5.33519,0.0156308,43.9816,0.229932,2802.7,3532.37,490.61
3,1,1,1,32,16,1,1,1,1,0,15,15,15,2811.96,3508.11,487.501,48.1028,35.9863,15051,12345,73.4655,2.1570,0.0020,47.1415,23.4210,396.2520,1126.1420,1.0690,10.2470,692.3970,1691.5040,0.9140,0.6930,47.6430,247.0850,2.1290,26.4973,46.9623,33.0565,5.237,0.0174914,44.0059,0.22207,2817.22,3557.35,492.96
1,1,1,1,32,16,16,1,1,1,0,15,15,15,2875.47,3541.67,1638.24,45.6664,36.9344,14834,11784,70.7545,1.6250,0.0070,48.5589,16.8320,329.1090,1001.4090,1.4800,8.2420,576.0760,1698.0450,1.1130,8.6670,417.3980,1349.7730,1.9390,27.5752,48.3848,29.8089,5.31894,0.0255234,43.2364,0.235049,2880.81,3590.23,1643.79
2,1,1,1,32,16,16,1,1,1,0,15,15,15,2858.71,3585.71,1652.99,45.9948,36.6081,14784,10689,70.5260,1.6220,0.0010,48.715,17.3040,343.9260,1070.8960,0.9590,8.3430,628.8160,1556.3470,0.8660,8.0340,413.3280,1043.6000,1.5010,27.4719,48.5415,29.8877,5.2537,0.021073,43.285,0.22329,2863.98,3634.24,1658.47
3,1,1,1,32,16,16,1,1,1,0,15,15,15,2857.3,3600.67,1660.71,45.4635,36.1327,14878,11450,69.2704,1.6220,0.0010,48.9923,17.3040,365.8060,1139.4660,0.9390,8.1110,601.9330,1372.9510,1.2610,8.6520,381.6680,1122.3090,1.6630,27.3324,48.8159,29.7337,5.28954,0.0206021,43,0.221473,2862.61,3648.96,1666.22
1,1,1,1,32,16,32,1,1,1,0,15,15,15,2910.87,3750.14,3102.65,43.1789,37.4218,14587,10791,66.7654,1.3210,0.0040,51.3392,13.6720,365.1830,1246.9900,1.0160,6.3310,462.2160,1149.0300,0.7440,13.6720,635.6150,1767.6160,1.2890,28.2523,51.1647,28.794,5.32476,0.0208735,42.715,0.208359,2916.21,3798.18,3108.19
2,1,1,1,32,16,32,1,1,1,0,15,15,15,2945.67,3767.43,3057.76,43.8886,38.2072,14575,11905,66.4842,1.2810,0.0020,51.556,13.0080,351.6860,1152.1890,0.9540,6.2520,483.5140,1161.4460,1.0730,13.6680,595.8900,1794.3380,1.4730,28.5193,51.38,28.825,5.31333,0.0224773,42.942,0.213543,2951.01,3815.69,3063.29
3,1,1,1,32,16,32,1,1,1,0,15,15,15,2909.92,3773.91,3127.56,43.6336,37.5591,14607,11642,66.8492,1.2810,0.0010,51.5522,13.6680,379.8130,1250.1290,1.3510,6.2520,492.2940,1190.5850,1.1970,13.6680,668.2990,1765.9410,1.7120,28.1857,51.3494,28.7727,5.31194,0.0215994,42.7401,0.217475,2915.25,3821.96,3133.09
1,1,1,1,32,16,48,1,1,1,0,15,15,15,2897.49,3826.5,4348.44,43.0099,39.1565,14424,11669,65.7492,1.0570,0.0010,52.2505,11.2760,339.6630,1161.6840,1.7020,5.6380,500.2920,1333.2850,0.6620,15.4260,829.8180,2578.5610,1.5460,28.3635,52.0753,28.3648,5.29886,0.0303438,42.5697,0.213357,2902.82,3874.37,4353.96
2,1,1,1,32,16,48,1,1,1,0,15,15,15,2912.14,3846.71,4329.12,42.5914,39.4512,14443,11806,64.7177,1.0530,0.0010,52.5845,10.4520,342.1160,1086.9150,1.0450,5.0700,476.3850,1287.8350,0.6040,16.8480,858.2850,2802.7220,1.9140,28.3589,52.4071,28.2369,5.34567,0.0201207,42.4168,0.212366,2917.51,3894.48,4334.68
3,1,1,1,32,16,48,1,1,1,0,15,15,15,2906.55,3813.12,4394.63,42.762,39.2253,14388,12662,66.0624,1.0490,0.0020,52.1192,11.1930,338.4900,1208.7260,1.2280,5.5970,520.7990,1348.3620,1.1940,15.3900,805.1900,2347.6480,2.0950,28.4984,51.9435,28.4995,5.21715,0.0239911,42.4684,0.21328,2911.79,3860.81,4400.06
1,1,1,1,32,16,63,1,1,1,0,15,15,15,2922.3,3908.65,5479.42,41.865,39.4853,14282,11309,65.9033,0.8590,0.0020,53.3262,8.7450,354.8620,1089.9640,1.0250,4.3720,513.1930,1516.5650,1.0340,18.7390,1024.3160,3167.1660,1.4860,28.2122,53.1468,27.7662,5.21834,0.0300993,42.0896,0.196169,2927.55,3955.96,5484.84
2,1,1,1,32,16,63,1,1,1,0,15,15,15,2882.8,3896.03,5448.36,42.1518,39.3695,14411,11412,65.6821,0.8600,0.0010,53.2461,8.7550,355.6150,1101.0330,1.3430,4.3770,499.8070,1428.0990,1.2050,18.7210,1021.9910,3111.6080,2.1210,28.3434,53.0617,27.56,5.20669,0.019693,41.7492,0.197983,2888.02,3942.98,5453.77
3,1,1,1,32,16,63,1,1,1,0,15,15,15,2909.03,3861.55,5440.67,42.3928,40.0468,14247,11451,65.4562,0.8990,0.0060,52.7126,8.7580,390.3030,1124.0260,1.6800,4.8880,535.5190,1592.7590,0.8400,18.4940,1028.1610,3209.0030,1.7000,28.3074,52.5286,27.6306,5.24725,0.024578,42.2452,0.212606,2914.3,3909.04,5446.13
1,1,1,1,32,32,1,1,1,1,0,15,15,15,2883.77,6241.65,495.184,51.8852,37.3741,14732,12834,83.7920,1.6260,0.0070,43.6282,17.3390,503.5220,1553.4350,0.8290,13.3140,1668.5260,3253.6410,1.5230,0.5420,31.3110,162.9440,1.6570,27.1734,43.4481,34.118,5.23292,0.0209885,44.5593,0.213617,2889.02,6291.45,500.63
2,1,1,1,32,32,1,1,1,1,0,15,15,15,2851.39,6305.11,493.019,51.8406,37.2419,14623,13437,81.0826,1.6230,0.0010,44.1758,17.3170,467.8010,1276.8840,1.1330,13.1040,1617.8180,3061.8400,1.6320,0.5800,30.1570,142.7650,1.7170,26.996,43.995,33.6921,5.21898,0.0199727,44.6083,0.239438,2856.63,6354.94,498.478
3,1,1,1,32,32,1,1,1,1,0,15,15,15,2860.71,6338.09,494.426,51.2733,36.9433,14763,14506,85.1140,1.6270,0.0110,44.0331,17.3530,508.9710,1348.2850,1.8430,13.0150,1698.2960,3478.6600,2.1320,0.5420,36.8820,157.5960,1.8370,27.0551,43.8474,33.8673,5.27955,0.01848,44.5167,0.224612,2866.01,6387.89,499.93
1,1,1,1,32,32,16,1,1,1,0,15,15,15,2886.38,6522.67,1694.86,48.6778,38.4521,14389,13722,74.0425,1.2070,0.0150,46.0067,12.4570,375.3030,1115.2850,1.1470,11.4060,1509.0790,3020.9430,1.3160,6.2290,552.1960,1487.8850,1.4870,28.1043,45.8343,30.3753,5.28435,0.0248577,44.4549,0.22228,2891.69,6572.41,1700.37
2,1,1,1,32,32,16,1,1,1,0,15,15,15,2923.38,6457.06,1676.46,48.8286,38.5056,14510,12857,75.8423,1.2010,0.0140,45.7953,12.4020,384.8970,1068.8880,1.5870,11.3940,1467.8310,2899.7660,1.1500,6.2010,488.9320,1274.9190,1.7220,28.3203,45.6212,30.4622,5.2295,0.0330519,44.276,0.225395,2928.64,6506.57,1681.91
3,1,1,1,32,32,16,1,1,1,0,15,15,15,2897.52,6388.38,1697.12,48.9621,38.6549,14516,11512,75.9421,1.2050,0.0020,45.4543,12.5130,363.4000,1052.9920,1.0590,11.7750,1522.6230,3022.5640,1.3830,6.2180,547.0570,1507.2240,1.5360,28.2378,45.2765,30.6137,5.31973,0.0297286,44.1964,0.255925,2902.87,6437.89,1702.69
1,1,1,1,32,32,32,1,1,1,0,15,15,15,3001.59,6496.09,3163.42,47.2724,39.196,14365,12884,73.1782,1.0110,0.0020,47.3602,9.9560,343.6130,1000.6830,0.7750,9.9950,1150.4370,2645.4730,1.0750,10.0340,785.1660,1897.2150,2.0720,29.4827,47.1811,29.917,5.20723,0.0234469,43.6594,0.227164,3006.82,6544.96,3168.86
2,1,1,1,32,32,32,1,1,1,0,15,15,15,2970.15,6484.16,3232.35,47.0768,39.0392,14316,12143,72.3787,1.0110,0.0020,47.2203,9.9580,378.6440,1088.3780,1.3160,10.1520,1142.8810,2488.7180,0.8500,9.9580,768.2310,1493.6030,1.6330,28.9769,47.0425,29.7471,5.20667,0.0272632,43.7417,0.23559,2975.38,6533.11,3237.79
3,1,1,1,32,32,32,1,1,1,0,15,15,15,2976.86,6514.8,3186.89,47.9703,39.944,14321,12906,71.8891,1.0130,0.0010,47.3668,9.9740,332.9440,1042.7710,1.3180,10.0130,1186.0990,2506.6960,0.9880,10.0130,753.4860,1713.9590,1.9400,29.3486,47.1946,29.7176,5.26498,0.045359,43.9602,0.2262,2982.17,6564.03,3192.38
1,1,1,1,32,32,48,1,1,1,0,15,15,15,2959.44,6644.81,4529.43,46.8857,40.437,14338,12155,71.4831,0.8220,0.0020,48.4189,8.7660,328.2390,1047.3990,0.9600,8.7660,1122.4520,2789.8090,1.2240,11.9750,993.7160,2161.8590,1.4280,29.187,48.2397,29.245,5.24714,0.0227047,43.6591,0.223785,2964.71,6693.72,4534.9
2,1,1,1,32,32,48,1,1,1,0,15,15,15,2954.03,6778.25,4550.37,46.5836,40.363,14279,11515,70.5089,0.8620,0.0030,49.098,8.7730,361.9620,1135.1160,1.2370,8.1860,995.1730,2520.3600,0.7810,13.1600,976.2460,2484.3390,2.1140,28.9641,48.9244,29.1541,5.25516,0.0217633,43.4536,0.222472,2959.31,6826.96,4555.84
3,1,1,1,32,32,48,1,1,1,0,15,15,15,2982.92,6722.14,4464.42,46.0315,40.8721,14251,12936,71.9776,0.9000,0.0010,48.7926,8.7640,367.2990,1099.0510,1.4840,8.2560,1028.9130,2550.1330,1.1630,13.1860,929.0920,2400.5310,2.9360,29.2778,48.6197,29.1063,5.25178,0.0261945,43.1739,0.209475,2988.2,6770.56,4469.89
1,1,1,1,32,32,63,1,1,1,0,15,15,15,2939.36,6840.81,5515.24,44.6101,41.2928,14214,13004,69.4669,0.7460,0.0010,49.7686,7.5350,380.8380,1119.3290,1.0230,7.5350,1093.2770,2913.0490,0.6610,14.9920,1154.3300,3129.4420,1.2410,28.959,49.5912,28.0821,5.20872,0.0357806,42.7392,0.2005,2944.61,6888.75,5520.65
2,1,1,1,32,32,63,1,1,1,0,15,15,15,2935.5,6887.48,5533.59,44.4461,41.0871,14221,12519,69.3062,0.7470,0.0150,49.9831,7.5500,359.7310,1064.8620,1.3400,7.5500,1094.8800,2976.2820,1.1120,15.0600,1127.9190,3036.7470,2.9390,28.8004,49.8007,28.1007,5.26766,0.0229507,43.0811,0.203208,2940.79,6935.83,5539.07
3,1,1,1,32,32,63,1,1,1,0,15,15,15,2938.31,6830.2,5498.7,44.7558,41.048,14261,12988,70.6700,0.7870,0.0040,49.6845,7.5520,386.7230,1085.8810,1.0280,7.5920,1064.8140,2767.6040,0.8220,14.9470,1083.4620,3033.2230,2.7410,28.8798,49.5091,28.071,5.28989,0.032302,42.9328,0.201395,2943.63,6878.43,5504.19
1,1,1,1,32,48,1,1,1,1,0,15,15,15,2925.89,8695.06,496.495,53.8028,39.1016,14425,14826,87.9020,1.2880,0.0150,42.0148,13.7390,593.2230,2347.0740,1.0980,14.7530,2776.4430,4742.8020,1.3850,0.4290,42.7120,291.3390,1.8600,27.6423,41.8289,34.0046,5.37274,0.0253442,45.0122,0.218999,2931.29,8745.44,502.087
2,1,1,1,32,48,1,1,1,1,0,15,15,15,2920.65,8738.59,495.073,53.8118,39.5859,14549,13646,88.3689,1.2430,0.0020,42.0607,13.6780,591.4250,2392.6340,0.7820,14.6880,2830.9250,4850.2540,1.3430,0.3890,47.0120,266.1560,1.5620,27.7369,41.8841,33.8001,5.21317,0.0181085,45.195,0.22116,2925.88,8788.99,500.508
3,1,1,1,32,48,1,1,1,1,0,15,15,15,2928.86,8763.47,497.811,53.9611,39.6119,14380,14533,89.1171,1.3230,0.0010,42.2845,13.6950,615.6240,1954.6930,0.9420,14.4340,2718.2190,4882.5070,1.1390,0.4280,21.5770,47.7960,1.8380,27.6127,42.1122,34.0356,5.2473,0.0202394,44.8946,0.232616,2934.13,8813.61,503.291
1,1,1,1,32,48,16,1,1,1,0,15,15,15,2945.58,9103.99,1685.44,51.0432,40.0334,14182,14345,78.7551,0.9380,0.0020,44.3896,10.0090,471.9350,1448.0070,1.1010,12.7460,2470.1960,4731.4810,1.4280,5.0050,524.5310,1479.6410,2.5400,28.5067,44.2035,30.7478,5.3047,0.0294449,44.9785,0.218301,2950.91,9154.27,1690.96
2,1,1,1,32,48,16,1,1,1,0,15,15,15,2929.3,8772.08,1727.27,51.2336,40.4299,14209,13232,80.4688,0.9750,0.0010,43.3756,10.0970,371.0740,1281.2840,1.0390,13.4100,2496.1010,4598.4670,1.5870,4.9900,678.4780,1564.8100,1.6340,28.7282,43.1987,31.0269,5.227,0.0298973,44.6854,0.230271,2934.55,8821.99,1732.72
3,1,1,1,32,48,16,1,1,1,0,15,15,15,2931.24,8966.33,1700.75,50.9077,39.9101,14316,13469,80.7785,0.9370,0.0010,43.9195,9.9980,426.6770,1213.9340,1.7030,13.0830,2414.3140,4641.8010,1.7100,4.9990,531.4100,1455.4230,1.5360,28.7836,43.7409,31.073,5.32272,0.0334904,44.6134,0.24225,2936.59,9016.27,1706.32
1,1,1,1,32,48,32,1,1,1,0,15,15,15,3060.63,9077.99,3305.27,48.5755,40.7149,14264,13499,77.1383,0.8220,0.0020,45.946,8.7720,479.0980,1150.9140,1.0880,11.2790,1967.5900,3672.1050,1.3420,8.7720,909.8790,2186.7100,2.0290,29.9131,45.7643,30.2724,5.25884,0.0244126,44.181,0.219108,3065.91,9127.43,3310.75
2,1,1,1,32,48,32,1,1,1,0,15,15,15,3022.56,9085.53,3306.15,48.623,41.5061,14230,12983,76.7957,0.8250,0.0080,45.7921,8.4470,452.9180,1119.6460,1.5720,11.4720,1999.1340,3748.8370,0.9640,8.8000,951.6120,2330.7410,2.0580,29.6526,45.619,30.1681,5.31993,0.0265522,44.4589,0.238659,3027.9,9135.31,3311.71
3,1,1,1,32,48,32,1,1,1,0,15,15,15,3054.01,9121.13,3272.57,48.8224,41.5468,14166,13163,77.2719,0.7830,0.0020,46.1141,8.4150,436.0260,943.8220,1.5610,11.2730,1976.6500,3695.4790,0.8080,8.7680,978.7070,2241.9510,1.4500,29.975,45.94,30.371,5.23517,0.0245389,44.2353,0.229002,3059.27,9170.6,3278.03
1,1,1,1,32,48,48,1,1,1,0,15,15,15,2977.28,9374.28,4507.08,47.4619,41.9034,14161,14023,73.8641,0.7500,0.0010,47.4588,7.5820,408.3290,1084.9820,1.4730,9.7540,1624.7410,3746.2590,1.1340,11.3730,1138.9420,2451.8920,2.5250,29.4124,47.2681,29.2193,5.30388,0.024947,43.9196,0.248249,2982.6,9423.5,4512.63
2,1,1,1,32,48,48,1,1,1,0,15,15,15,3010.38,9411.26,4598.72,47.9275,41.8541,14082,14924,74.0239,0.7470,0.0020,47.653,7.5510,443.7340,1114.8940,1.3600,9.6360,1634.2910,3808.7850,1.0230,11.3270,1086.4210,2454.0610,2.3510,29.5554,47.477,29.519,5.25662,0.0227,44.2381,0.217162,3015.66,9460.75,4604.19
3,1,1,1,32,48,48,1,1,1,0,15,15,15,3024.55,9302.31,4467.19,48.1849,42.3179,14265,14067,74.2311,0.7490,0.0040,47.4595,7.5660,418.9590,1124.4690,1.5260,9.6940,1599.0270,3759.7210,1.6340,11.3490,1177.4380,2647.1240,1.8020,29.7283,47.284,29.3039,5.30489,0.0194837,44.3797,0.21603,3029.87,9352,4472.71
1,1,1,1,32,48,63,1,1,1,0,15,15,15,2994.78,9225.18,5669.06,46.8889,43.71,14228,11160,74.3682,0.6700,0.0010,47.4292,6.3090,381.1820,1060.0240,2.1810,9.5820,1623.5510,4271.9870,0.7830,12.4600,1180.9570,2901.3670,5.1320,29.6131,47.2561,28.9316,5.22846,0.0251015,43.2006,0.218681,3000.03,9273.61,5674.5
2,1,1,1,32,48,63,1,1,1,0,15,15,15,2999.18,9257.03,5637.12,47.1936,42.7766,14020,13129,74.0118,0.6710,0.0080,47.4275,6.3190,380.6250,1041.8100,1.8930,9.5570,1667.4880,4364.2510,0.9810,12.4800,1277.5910,2929.7680,2.4360,29.4151,47.2462,28.7461,5.29086,0.0360443,43.0556,0.229646,3004.51,9305.37,5642.64
3,1,1,1,32,48,63,1,1,1,0,15,15,15,2989.64,9247.91,5600.99,46.9629,43.0085,14210,12883,74.2741,0.6320,0.0020,47.509,6.3190,382.5080,971.9850,1.1950,9.4780,1625.4710,4312.2800,0.8060,12.5580,1164.0090,2813.3560,1.6710,29.5683,47.3305,28.6735,5.24348,0.0307788,43.1861,0.209621,2994.91,9296.34,5606.45
1,1,1,1,32,63,1,1,1,1,0,15,15,15,2940.95,10493.4,498.209,54.59,41.2192,14392,13271,91.9808,1.1720,0.0080,40.9138,11.4820,553.6060,2206.3580,2.3130,15.6600,3904.0890,6699.8050,1.9860,0.3910,19.6820,36.8780,2.4640,28.0465,40.7393,34.1286,5.21175,0.0197108,45.3005,0.223025,2946.18,10544,503.643
2,1,1,1,32,63,1,1,1,1,0,15,15,15,2960.48,10445.5,494.562,54.2397,41.3196,14339,13153,91.9228,1.0950,0.0010,40.8329,11.2600,643.7210,2854.4640,1.3320,15.7170,3709.5750,6514.7390,2.0640,0.3520,19.8630,34.8060,2.3370,28.0736,40.6513,33.8673,5.2258,0.0305045,45.0386,0.226897,2965.74,10495.8,500.015
3,1,1,1,32,63,1,1,1,1,0,15,15,15,2909.37,10646.7,498.601,53.8414,40.7527,14500,14510,89.7711,1.1760,0.0020,41.3629,12.3070,528.3440,2141.8740,1.0990,15.3640,3933.2990,6686.4900,1.3310,0.3920,36.4130,133.6630,2.5690,27.9328,41.187,34.1766,5.37063,0.0206097,45.1424,0.216606,2914.76,10697.2,504.188
1,1,1,1,32,63,16,1,1,1,0,15,15,15,2985.06,11029.7,1710.68,52.6827,42.1989,14198,15012,84.1574,0.8610,0.0120,43.2312,8.7680,488.0340,1712.4110,1.7640,13.8570,3355.2770,6654.5300,1.1070,4.3840,529.5130,1570.3690,2.2050,29.1266,43.0546,31.4799,5.21664,0.0224987,45.3052,0.221141,2990.3,11080.2,1716.12
2,1,1,1,32,63,16,1,1,1,0,15,15,15,3014.82,10789.1,1716.6,52.666,41.3477,14221,14488,84.1305,0.8250,0.0020,42.9202,8.7990,546.5950,2097.3170,1.9370,13.8660,3206.2480,6484.4970,1.1530,4.3990,516.5690,1575.6790,1.3630,29.3165,42.7376,31.5968,5.32914,0.0235184,44.7992,0.240353,3020.17,10839.2,1722.17
3,1,1,1,32,63,16,1,1,1,0,15,15,15,2960.03,10906,1709.18,52.9071,41.9893,14185,13619,84.0903,0.7830,0.0140,42.3852,8.7720,463.3910,1865.5440,1.4950,14.3320,3407.7610,6798.6470,0.9630,3.7590,469.3830,1113.6270,2.8440,29.0424,42.2084,31.4812,5.23207,0.024635,44.9906,0.236664,2965.29,10956.3,1714.64
1,1,1,1,32,63,32,1,1,1,0,15,15,15,3102.54,10923.8,3262.33,50.1143,43.2262,14198,12370,79.9435,0.7100,0.0020,44.6469,7.0200,434.3570,1048.8180,1.4500,12.4620,2530.0310,4900.5950,0.7430,7.5720,1037.2900,2508.6280,2.2590,30.4783,44.4702,30.6615,5.28309,0.0218399,44.6102,0.229848,3107.84,10973.7,3267.84
2,1,1,1,32,63,32,1,1,1,0,15,15,15,3094.35,10969.1,3371.68,50.3477,42.3867,14051,13151,79.8670,0.7480,0.0010,44.4987,7.5630,515.6250,1119.7810,1.1260,12.4480,2731.2360,5288.1550,0.5790,7.5630,974.8780,2420.3240,1.7870,30.5067,44.3155,30.8076,5.2623,0.0462949,44.5056,0.253072,3099.66,11018.9,3377.2
3,1,1,1,32,63,32,1,1,1,0,15,15,15,3079.39,11036.5,3364.31,49.6857,42.3953,14144,13175,80.0525,0.7080,0.0020,44.6319,7.5480,566.7560,1707.1840,0.8770,12.3830,2764.1540,5433.6480,1.9530,7.5480,851.8860,1903.5710,2.5300,30.1859,44.4479,30.6908,5.2087,0.0222063,44.3085,0.215498,3084.62,11086,3369.74
1,1,1,1,32,63,48,1,1,1,0,15,15,15,3053.71,11222.8,4655.06,49.2441,44.2499,14131,13149,78.8607,0.6320,0.0100,45.7295,6.3180,414.3640,963.7470,1.8190,11.5300,2089.4370,4581.1790,1.2310,9.4770,1091.4850,2237.8320,3.2310,30.2828,45.5458,30.0539,5.20694,0.0252952,44.4187,0.23639,3058.94,11272.5,4660.5
2,1,1,1,32,63,48,1,1,1,0,15,15,15,3066.1,10920.5,4701.72,50.723,44.5708,14107,14131,80.0180,0.5940,0.0010,44.6181,6.3370,433.1640,1139.6890,1.4190,12.4760,2518.9770,5099.1450,1.8060,7.7230,1109.5440,2144.5460,2.5810,30.3239,44.4351,30.2648,5.28033,0.0326753,44.4712,0.235916,3071.41,10970.3,4707.23
3,1,1,1,32,63,48,1,1,1,0,15,15,15,3058.56,11345.8,4555.01,49.501,44.3304,13963,13129,79.2700,0.6330,0.0130,46.048,6.3270,414.5370,1017.4430,1.1310,11.2690,2115.6170,4616.6330,1.3380,9.4900,1054.9890,2299.5850,1.9240,30.3061,45.8699,29.9112,5.22679,0.0258103,44.3473,0.227808,3063.81,11395.4,4560.46
1,1,1,1,32,63,63,1,1,1,0,15,15,15,3022.08,11511.9,5660.21,48.0773,44.6724,14095,14189,75.5447,0.5560,0.0010,47.0913,5.2450,329.7960,887.1940,1.3800,10.0140,2164.9150,4977.0050,1.0550,12.5170,1212.9040,3353.6760,2.1740,30.0342,46.9127,29.1604,5.25739,0.0257505,43.6495,0.227004,3027.36,11560.8,5665.7
2,1,1,1,32,63,63,1,1,1,0,15,15,15,3000.77,11446.2,5745.8,47.5868,44.7436,13926,13023,75.3691,0.5570,0.0010,46.8943,5.3330,320.3910,852.6120,1.8590,10.0300,2150.1740,5145.9620,1.1520,12.5380,1352.0060,3216.2670,1.4140,29.7613,46.7022,29.2206,5.32551,0.0269527,43.5553,0.215339,3006.12,11495.1,5751.34
3,1,1,1,32,63,63,1,1,1,0,15,15,15,3022.36,11449.1,5788.18,47.3008,45.0076,13931,13930,75.5733,0.5950,0.0270,46.9665,5.3140,333.0940,855.6550,1.9070,10.1910,2089.4020,4924.3420,2.3590,12.4910,1328.8830,3231.4070,1.4400,29.936,46.7955,29.3311,5.22706,0.025034,43.782,0.214043,3027.62,11498.1,5793.63
1,1,1,1,48,1,1,1,1,1,0,15,15,15,895.871,1068.74,475.335,42.0273,35.832,14917,9707,62.7321,11.6700,0.0010,52.3781,25.8350,220.1770,712.2740,0.7230,5.5280,35.7220,53.8710,0.6440,5.5280,24.9180,89.2360,0.6920,6.83184,52.201,32.1638,5.21938,0.0188645,42.2981,0.223536,901.11,1116.25,480.778
2,1,1,1,48,1,1,1,1,1,0,15,15,15,898.447,1068.39,471.122,41.9692,35.4746,15040,9750,63.4845,11.7100,0.0020,52.3059,25.9240,225.3880,681.3190,0.8230,5.5850,36.7240,76.4970,0.7060,5.5470,23.8870,107.1810,0.7530,6.77468,52.1217,31.8832,5.31775,0.0174729,42.3676,0.227604,903.783,1116.07,476.667
3,1,1,1,48,1,1,1,1,1,0,15,15,15,866.068,1066.44,468.398,42.3532,35.8089,14969,10917,62.0915,11.9210,0.0010,52.3069,25.8810,204.4420,631.0760,0.7280,5.6530,36.1050,70.2180,0.7340,5.6530,23.5200,103.1100,0.6880,6.50209,52.1258,31.729,5.24593,0.0158488,42.5574,0.215568,871.329,1114.25,473.859
1,1,1,1,48,1,16,1,1,1,0,15,15,15,2093.51,1174.12,1618.51,39.4356,36.5311,15153,8975,61.7413,2.2780,0.0010,56.9309,25.9820,366.3750,1309.3990,0.8630,0.8490,44.6920,109.5170,0.8160,13.5900,381.5830,966.0390,0.7760,16.5068,56.7467,28.1858,5.26318,0.0171443,40.8219,0.195969,2098.79,1220.21,1623.97
2,1,1,1,48,1,16,1,1,1,0,15,15,15,2303.34,1173.58,1597.43,39.7836,36.4611,15197,8405,61.5359,2.2770,0.0160,56.9314,25.9730,400.1580,1363.4060,0.8700,0.8490,44.2100,87.4980,0.9900,13.0830,354.3450,975.1920,0.6710,18.0228,56.7601,28.0601,5.24475,0.015288,40.6645,0.198665,2308.6,1219.49,1602.87
3,1,1,1,48,1,16,1,1,1,0,15,15,15,2278.18,1166.98,1584.63,39.0493,36.2391,15221,8315,62.1925,2.2840,0.0020,56.6672,26.0580,393.7950,1429.8920,1.0710,0.8520,40.4020,77.7140,0.7310,13.2420,345.9270,919.5240,1.0280,17.8774,56.4956,27.9897,5.35141,0.0147689,40.3967,0.198695,2283.55,1212.73,1590.18
1,1,1,1,48,1,32,1,1,1,0,15,15,15,4037.18,1191.1,2928.53,38.6002,36.8178,15032,8123,61.5786,1.5080,0.0020,57.3074,22.4290,501.3980,1860.5030,1.2190,0.5030,32.3700,57.3110,1.2720,16.0870,552.9430,1953.1530,0.8660,26.3017,57.1328,27.5298,5.20662,0.017232,40.432,0.203906,4042.4,1236.74,2933.94
2,1,1,1,48,1,32,1,1,1,0,15,15,15,4039.99,1185.37,2933.89,38.5504,36.6833,15147,8017,61.8552,1.5140,0.0010,57.0851,22.3560,513.9060,1894.0920,0.9980,0.5050,31.3100,60.8800,0.9120,16.0690,552.6030,1932.3640,1.0660,26.2675,56.9077,27.5197,5.34015,0.0192323,40.1443,0.190469,4045.35,1230.85,2939.42
3,1,1,1,48,1,32,1,1,1,0,15,15,15,4023.26,1189.14,2929.22,38.5447,37.2291,15173,8045,61.7027,1.4780,0.0010,57.2281,22.3980,515.5220,1905.4990,1.2420,0.5050,38.4270,68.7280,0.8010,16.1370,546.4660,1902.8670,0.9920,26.2689,57.0448,27.555,5.32265,0.016044,40.5041,0.195837,4028.6,1234.97,2934.74
1,1,1,1,48,1,48,1,1,1,0,15,15,15,4127.56,1198.12,4201.9,38.8258,38.9347,15004,8489,61.8979,1.2040,0.0020,57.4638,18.6430,554.6180,1903.7900,1.0840,0.4270,30.9000,47.0840,0.8200,18.6430,737.6130,2808.5080,0.9230,26.9658,57.2771,27.2167,5.22419,0.0180831,40.2034,0.190664,4132.8,1243.55,4207.31
2,1,1,1,48,1,48,1,1,1,0,15,15,15,4060.01,1197.05,4247.65,38.9219,38.6,14887,8592,61.9098,1.1660,0.0010,57.4046,18.6490,494.7570,1928.2710,0.9190,0.3890,37.0250,74.2440,0.9130,17.9110,772.7380,2602.6340,0.9070,26.9177,57.2275,27.2709,5.19478,0.018439,40.1183,0.191666,4065.22,1242.36,4253.03
3,1,1,1,48,1,48,1,1,1,0,15,15,15,4075.31,1196.44,4265.77,39.2689,38.675,14932,8982,62.0668,1.1660,0.0010,57.4035,18.6640,506.3200,1845.3100,1.1610,0.3890,37.8070,62.7500,0.7310,17.7700,772.3440,2704.7010,0.5840,26.9476,57.2249,27.3048,5.2182,0.0164423,40.0977,0.18822,4080.54,1241.75,4271.17
1,1,1,1,48,1,63,1,1,1,0,15,15,15,4113.98,1194.15,5349.39,38.7328,39.0572,14733,8967,62.1430,0.9750,0.0100,57.3784,14.9770,544.3910,1818.8050,1.2470,0.3120,36.6660,77.5340,0.7650,20.5160,915.9030,3554.8360,0.7530,27.0247,57.2037,26.9317,5.222,0.0198748,39.9942,0.195376,4119.22,1239.37,5354.8
2,1,1,1,48,1,63,1,1,1,0,15,15,15,4104.41,1193.47,5369.3,38.6663,39.6974,14813,7918,62.2871,0.9750,0.0010,57.3369,16.2700,494.3540,1668.6890,1.0890,0.3120,43.6400,123.0080,0.7800,19.6640,1015.7780,3814.9690,0.7980,27.0363,57.158,27.0556,5.2178,0.0234114,40.0501,0.181941,4109.66,1238.74,5374.7
3,1,1,1,48,1,63,1,1,1,0,15,15,15,4102.58,1192.01,5362.39,38.4069,39.8005,14797,8844,62.1802,0.9750,0.0010,57.1961,16.6910,530.1280,1959.0920,0.9440,0.3120,47.6200,93.8140,0.8090,19.6550,995.9150,3737.9450,1.0300,27.014,57.0191,27.0255,5.24643,0.0184781,39.9474,0.197164,4107.85,1237.2,5367.83
1,1,1,1,48,16,1,1,1,1,0,15,15,15,2917.07,3532.25,474.772,47.1879,36.3271,15177,10410,74.2465,1.8920,0.0020,47.228,25.9910,467.2410,1381.0150,1.2690,9.8870,757.9790,1595.9340,1.0220,0.7720,40.5050,133.9340,1.6830,22.171,47.0507,32.3576,5.25386,0.0197181,43.6651,0.219018,2922.34,3581.17,480.245
2,1,1,1,48,16,1,1,1,1,0,15,15,15,2973.89,3533.92,480.781,47.4443,36.1195,15042,11406,74.5152,1.8940,0.0050,47.4045,26.0180,494.7330,1365.3070,1.0970,9.7420,726.2920,1612.4200,1.2100,0.6570,44.8130,167.8240,1.4550,22.4175,47.2292,32.6552,5.30024,0.0222941,43.8222,0.230165,2979.21,3583.04,486.312
3,1,1,1,48,16,1,1,1,1,0,15,15,15,3079.14,3548.81,478.697,47.4104,36.2618,15216,11452,74.5943,1.8590,0.0010,47.6511,26.0600,496.5900,1439.0880,0.7650,9.4480,699.0200,1642.0160,1.2240,0.6200,57.2750,163.2490,2.1860,23.8385,47.4747,32.4716,5.36286,0.0164042,43.8628,0.232681,3084.52,3598.04,484.293
1,1,1,1,48,16,16,1,1,1,0,15,15,15,4063.67,3714.19,1636.93,44.6392,37.0362,15080,11404,67.7398,1.3640,0.0010,50.8494,21.4020,474.3170,1599.6440,1.2490,6.8610,492.2520,1235.2350,0.7470,7.4850,396.5120,940.0610,1.3360,26.5682,50.6628,29.5016,5.27673,0.0168341,42.7554,0.223655,4068.97,3762.22,1642.43
2,1,1,1,48,16,16,1,1,1,0,15,15,15,4070.62,3708.96,1650.63,44.3941,37.9071,15236,10523,68.8092,1.3560,0.0010,50.8022,21.7370,500.3150,1616.0500,1.0530,6.8190,497.4070,1243.1110,0.8600,7.4390,390.1650,917.2780,1.4710,26.6041,50.6172,29.6945,5.23093,0.022343,42.6013,0.232548,4075.87,3756.79,1656.1
3,1,1,1,48,16,16,1,1,1,0,15,15,15,4091.41,3663.34,1628.55,44.1721,37.9546,15069,10321,69.0351,1.3940,0.0010,50.3669,21.6490,496.9270,1513.8230,1.4130,6.9320,475.3530,1178.9910,1.0770,7.4360,351.5870,858.4510,1.5500,26.6211,50.1946,29.534,5.25345,0.0167507,42.7265,0.254554,4096.68,3711.32,1634.06
1,1,1,1,48,16,32,1,1,1,0,15,15,15,4107.25,3795.36,3037.69,42.9225,39.0731,14662,10161,65.7865,1.1320,0.0010,51.9199,17.0140,459.9350,1712.9310,1.0950,5.6190,496.5290,1351.6930,0.8360,12.4870,643.5730,1826.4530,1.1880,27.2234,51.7464,28.6943,5.3941,0.0201349,42.1494,0.20188,4112.67,3842.9,3043.29
2,1,1,1,48,16,32,1,1,1,0,15,15,15,4118.66,3809.04,3110.97,42.7442,39.2278,14866,9985,66.0794,1.0900,0.0010,52.0654,18.1810,478.5690,1670.7920,0.9760,5.6060,478.2700,1203.3320,0.6790,11.2120,661.9720,1776.8930,1.9360,27.181,51.8894,28.9003,5.27425,0.026451,42.502,0.212392,4123.96,3856.82,3116.45
3,1,1,1,48,16,32,1,1,1,0,15,15,15,4112.82,3794.06,3081.72,43.0108,38.9932,14884,10968,65.7586,1.0920,0.0310,51.954,18.2440,475.2290,1588.0000,2.1600,5.6140,481.3770,1267.3590,0.9030,11.2270,639.0460,1770.1270,1.7220,27.1697,51.7778,28.9238,5.3286,0.0166415,42.4339,0.208944,4118.16,3841.82,3087.26
1,1,1,1,48,16,48,1,1,1,0,15,15,15,4239.67,3902.54,4382.4,42.3734,40.0958,14695,11158,65.0946,0.9750,0.0040,53.2886,14.9810,534.7060,1881.2140,1.1700,4.4080,476.0840,1346.6500,0.8980,14.9810,858.8250,2638.9020,1.2300,28.0287,53.1082,28.3573,5.24378,0.0194961,42.273,0.210137,4244.93,3950.06,4387.85
2,1,1,1,48,16,48,1,1,1,0,15,15,15,4250.3,3881.76,4385.24,42.9912,40.1612,14598,11759,65.0260,0.9410,0.0010,53.1244,14.6220,518.5180,1616.7490,1.0840,4.4690,470.1860,1260.8950,1.0300,15.0530,866.9820,2667.2200,1.5560,28.0663,52.9469,28.3573,5.34949,0.0275306,42.2398,0.205402,4255.67,3929.35,4390.79
3,1,1,1,48,16,48,1,1,1,0,15,15,15,4160.67,3849.61,4371.82,43.3697,40.0283,14525,11651,64.1135,0.9430,0.0010,52.6317,15.0800,481.6120,1771.3870,1.1650,5.0270,523.5960,1354.8180,1.2040,13.5090,820.3020,2432.8010,2.7840,27.8877,52.4572,28.2922,5.32619,0.0279753,42.4469,0.208644,4166.02,3897.38,4377.35
1,1,1,1,48,16,63,1,1,1,0,15,15,15,4200.81,3886.58,5534.24,41.8956,41.0522,14550,10347,65.1869,0.8270,0.0010,53.1224,13.2280,476.1260,1832.0110,1.2070,4.4090,521.1420,1472.1860,0.9080,15.5510,1048.9620,3116.7760,1.9350,28.0124,52.9448,27.9738,5.30632,0.028226,42.0186,0.210241,4206.15,3933.91,5539.76
2,1,1,1,48,16,63,1,1,1,0,15,15,15,4245.22,3922.95,5526.29,41.5675,40.393,14532,9966,64.5383,0.8620,0.0410,53.6522,13.1280,552.4600,1830.8320,1.5130,3.8010,465.4420,1229.9850,2.0230,17.2810,1033.9730,3417.6220,2.2560,28.089,53.477,28.1007,5.20752,0.0217238,41.6977,0.19687,4250.44,3969.86,5531.69
3,1,1,1,48,16,63,1,1,1,0,15,15,15,4242.1,3955.36,5523.07,41.7845,40.2622,14541,10072,64.4909,0.7860,0.0010,54.0017,12.2230,494.2720,1592.9090,1.1880,3.7730,478.0990,1211.9940,0.7890,17.3330,1077.7480,3588.3320,1.4920,28.0499,53.8135,27.8833,5.3273,0.0209888,42.0324,0.211915,4247.44,4002.72,5528.61
1,1,1,1,48,32,1,1,1,1,0,15,15,15,4143.77,6472.16,496.285,49.8311,38.7257,14787,11612,80.5388,1.2800,0.0020,45.9795,19.3880,647.0240,1863.4040,1.1400,11.7490,1517.6520,3000.9940,1.5190,0.4270,33.3330,90.8320,1.9740,26.826,45.8023,33.8472,5.21524,0.0202082,45.1877,0.233122,4149,6522.56,501.733
2,1,1,1,48,32,1,1,1,1,0,15,15,15,4134.41,6584,490.005,50.459,38.0442,14823,13163,78.5620,1.2420,0.0080,46.4083,19.0220,593.0340,1767.5510,0.7150,11.6460,1574.6820,3230.8280,1.1120,0.4270,65.2970,174.5000,1.5470,26.7881,46.2273,33.2049,5.2485,0.0200997,45.5538,0.232694,4139.68,6634.8,495.486
3,1,1,1,48,32,1,1,1,1,0,15,15,15,4102.57,6548.36,498.845,50.9907,38.9884,14716,13853,79.1623,1.2840,0.0010,46.1782,18.7190,633.4430,1550.3090,1.4380,11.7920,1591.4720,3254.1380,1.0050,0.4280,44.4610,153.5310,2.1350,26.8216,45.9963,33.9998,5.35802,0.030749,45.9009,0.222928,4107.96,6599.62,504.426
1,1,1,1,48,32,16,1,1,1,0,15,15,15,4128.23,6649.04,1712.41,48.9418,39.6906,14569,13792,73.9871,1.0530,0.0160,47.883,15.2100,516.0180,1422.8510,1.0470,10.0230,1258.8080,2630.5250,1.5610,5.6160,598.3200,1376.7760,1.5210,27.3839,47.6945,30.58,5.30799,0.0316135,45.0731,0.250182,4133.57,6699.42,1717.96
2,1,1,1,48,32,16,1,1,1,0,15,15,15,4126.05,6636.05,1714.81,48.872,40.298,14701,12076,73.4818,1.0160,0.0150,47.8247,15.1250,524.9690,1521.5160,1.0660,10.0050,1275.4870,2762.7810,1.1700,5.6280,670.8470,1676.7050,1.8460,27.3437,47.6429,30.5115,5.35688,0.0214949,44.9575,0.223555,4131.43,6686.36,1720.39
3,1,1,1,48,32,16,1,1,1,0,15,15,15,4160.52,6627.4,1715.67,48.314,39.7141,14539,11927,73.4527,1.0530,0.0010,47.7493,15.0950,549.8190,1539.7140,1.0040,10.0240,1311.7970,2857.9460,0.8990,5.6170,632.7140,1728.8090,1.8470,27.4618,47.5716,30.5269,5.29874,0.0274352,44.8457,0.225796,4165.85,6677.55,1721.19
1,1,1,1,48,32,32,1,1,1,0,15,15,15,4178.57,6754.58,3202.83,47.0043,40.864,14520,12409,70.7334,0.8250,0.0010,48.9122,13.1960,455.2330,1424.8710,1.2920,8.7980,1210.8780,3243.5250,1.1630,8.4440,968.2030,2273.9980,1.9800,28.0795,48.7294,29.8752,5.37736,0.0228077,44.7778,0.221852,4183.97,6804.74,3208.43
2,1,1,1,48,32,32,1,1,1,0,15,15,15,4207.23,6749.91,3160.48,46.8085,40.2437,14349,12357,70.2198,0.8660,0.0010,49.0193,13.2190,519.5550,1674.0690,1.5770,8.7340,1142.1130,3020.3760,0.8220,8.8520,734.2800,1701.6250,1.8750,28.0192,48.8278,29.6066,5.41367,0.0202985,44.8147,0.218739,4212.67,6800.14,3166.11
3,1,1,1,48,32,32,1,1,1,0,15,15,15,4254.61,6736.5,3156.85,46.842,40.0417,14437,11630,70.4413,0.8640,0.0020,48.9267,13.1970,511.9070,1589.7770,1.9370,8.7590,1150.6220,3112.6980,0.8960,8.8370,786.2310,1718.7600,2.0520,28.3799,48.7399,29.9145,5.36967,0.0276274,44.2408,0.215739,4260,6786.11,3162.44
1,1,1,1,48,32,48,1,1,1,0,15,15,15,4272.13,7045.93,4593.07,46.3287,41.8904,14277,13412,68.2033,0.7480,0.0010,50.8527,11.4100,451.6260,1468.9840,0.9950,7.5540,1094.8140,2705.7780,0.8940,11.3310,1084.2780,2748.8610,2.0800,28.9412,50.6669,29.4145,5.3266,0.0213117,44.8329,0.230622,4277.48,7096.08,4598.63
2,1,1,1,48,32,48,1,1,1,0,15,15,15,4295.61,6998.63,4479.11,46.5082,41.8489,14336,13530,68.9404,0.7890,0.0010,50.5493,11.3560,513.6560,1693.8370,1.1770,7.6890,1101.0420,2861.6750,0.6930,11.4350,989.8670,2343.6350,1.5550,28.7176,50.3719,29.0987,5.40387,0.0237444,44.6333,0.228068,4301.04,7048.67,4484.74
3,1,1,1,48,32,48,1,1,1,0,15,15,15,4262.48,7041.78,4505.36,45.7921,41.1802,14345,12806,66.9510,0.7500,0.0010,50.7173,11.3650,521.3320,1684.8750,1.2500,7.5770,1130.5970,3053.7310,0.9190,11.4050,1001.3970,2353.5270,1.7640,28.5109,50.5364,28.9662,5.37677,0.0237872,44.5656,0.225828,4267.88,7091.73,4510.97
1,1,1,1,48,32,63,1,1,1,0,15,15,15,4281.32,7224.35,5664.16,44.5461,42.1987,14467,10945,67.3234,0.6360,0.0010,52.0355,9.5350,475.8260,1507.7000,2.7000,6.3570,1085.5390,2617.5630,0.9130,14.5410,1229.0730,3339.4410,1.4900,28.7919,51.8496,28.7207,5.45704,0.0320691,43.6746,0.221657,4286.81,7273.48,5669.84
2,1,1,1,48,32,63,1,1,1,0,15,15,15,4289.02,7226.15,5666.28,44.2972,42.8635,14558,12539,67.4902,0.7120,0.0010,52.0507,9.6060,448.2320,1516.0860,1.5730,6.3640,1087.9650,2613.7490,0.6870,14.9420,1243.7800,3556.1920,3.9280,28.8235,51.8658,28.6977,5.32963,0.0294402,44.1251,0.209262,4294.38,7275.61,5671.82
3,1,1,1,48,32,63,1,1,1,0,15,15,15,4286.11,7201.73,5650.39,44.556,42.8974,14286,12013,67.2636,0.6340,0.0020,51.9703,9.5140,480.4020,1524.9280,2.9620,6.3430,1045.2920,2465.4040,0.7880,14.6270,1233.4950,3434.7480,1.4400,28.7376,51.7909,28.461,5.44285,0.0233581,43.689,0.217333,4291.58,7250.87,5656.05
1,1,1,1,48,48,1,1,1,1,0,15,15,15,4166.45,9031.23,492.243,52.0489,39.7309,14539,12989,85.3978,0.9810,0.0020,44.2753,15.0760,775.0980,2200.3420,1.0560,13.4270,2413.8170,4588.6350,1.3280,0.3140,55.4210,307.4910,1.7100,27.1677,44.0932,33.7852,5.34455,0.0391474,45.8419,0.228832,4171.84,9082.41,497.817
2,1,1,1,48,48,1,1,1,1,0,15,15,15,4164.24,9077.31,498.542,53.3119,39.6266,14388,13940,86.1215,0.9450,0.0020,44.2162,15.1270,728.3650,2287.8330,1.3840,13.4720,2569.3890,4718.5820,1.4020,0.3550,23.0410,53.4150,1.9470,27.2145,44.0295,34.0698,5.35709,0.0229376,45.9956,0.23579,4169.62,9128.66,504.135
3,1,1,1,48,48,1,1,1,1,0,15,15,15,4152.83,9136.68,496.372,52.7947,40.1259,14508,14043,86.8300,0.9400,0.0070,44.4889,15.0340,742.2070,1700.2480,0.9380,13.2730,2557.0030,4686.6910,0.9560,0.3130,35.2850,83.6190,2.5850,27.1706,44.3107,33.9382,5.35443,0.0240477,46.1193,0.233784,4158.21,9188.16,501.961
1,1,1,1,48,48,16,1,1,1,0,15,15,15,4238.72,9203.52,1747.91,50.679,41.3372,14494,14330,76.7953,0.8260,0.0020,46.4829,12.9000,629.1040,1392.1360,2.1810,11.5230,1927.7910,3629.3940,1.1290,4.4050,624.6920,1612.5080,2.0410,28.0241,46.3026,31.1983,5.36112,0.0281723,45.9577,0.235818,4244.11,9254.83,1753.51
2,1,1,1,48,48,16,1,1,1,0,15,15,15,4180.1,9284.68,1700.29,49.8957,40.6352,14388,13633,75.6995,0.8260,0.0020,46.3678,13.2160,636.6840,1873.8570,1.7880,11.4060,2085.8210,4139.2730,1.3830,4.4050,647.2760,1936.7770,2.0310,27.6668,46.1805,30.6531,5.38684,0.0349498,45.6662,0.237953,4185.52,9335.73,1705.91
3,1,1,1,48,48,16,1,1,1,0,15,15,15,4185.02,9304.52,1695.61,49.937,41.0544,14506,13629,75.4781,0.8270,0.0020,46.3412,13.2250,633.0840,1926.7430,1.2800,11.3750,2145.2220,4319.5890,1.2680,4.4080,615.8630,1926.6680,2.1490,27.774,46.1454,30.7157,5.35777,0.0350779,45.6443,0.238335,4190.42,9355.52,1701.21
1,1,1,1,48,48,32,1,1,1,0,15,15,15,4262.38,9519.2,3175.12,48.2608,42.6023,14351,13471,73.9873,0.7490,0.0080,47.877,11.3460,586.2980,1601.5230,1.0730,9.7310,1685.7640,3890.4990,1.5120,7.5640,901.6060,2126.6130,2.4820,28.5392,47.6956,30.0905,5.3418,0.0336551,45.0944,0.244306,4267.76,9569.64,3180.71
2,1,1,1,48,48,32,1,1,1,0,15,15,15,4262.46,9479.4,3206.85,48.1487,41.6773,14277,13326,73.8782,0.7500,0.0010,47.7339,11.3650,638.2760,1635.0190,1.5470,10.0230,1669.0770,3818.7140,0.7540,7.5760,900.0470,2129.3620,4.4280,28.4573,47.5557,30.0525,5.3162,0.0241474,44.9903,0.226574,4267.8,9529.71,3212.39
3,1,1,1,48,48,32,1,1,1,0,15,15,15,4273.37,9519,3252.2,47.8957,42.5106,14325,12627,73.8452,0.7510,0.0020,47.9416,11.3770,619.4760,1707.1860,1.5970,9.9150,1673.6100,3854.8520,1.4630,7.5850,873.9650,2269.6990,2.6620,28.4376,47.7615,30.1159,5.33552,0.0444873,45.5175,0.227633,4278.75,9569.85,3257.76
1,1,1,1,48,48,48,1,1,1,0,15,15,15,4311.76,9508.06,4691.61,48.3613,43.4178,14173,12820,72.4062,0.6350,0.0010,48.1787,9.6430,510.9730,1401.6900,1.2870,9.5240,1822.4010,4354.7190,1.1440,9.5240,1345.3520,2873.1610,2.0360,29.2054,47.9996,29.9091,5.43023,0.0246023,45.0085,0.231417,4317.22,9558.5,4697.27
2,1,1,1,48,48,48,1,1,1,0,15,15,15,4353.38,9478.94,4662.11,48.2839,43.5731,14271,15004,72.5147,0.6340,0.0020,48.3066,9.5060,549.9010,1547.3020,1.1980,9.5060,1709.9580,4339.5610,0.7850,9.5860,1054.5400,2464.5060,3.3490,29.3923,48.1176,29.8634,5.33647,0.0221997,44.9453,0.227508,4358.74,9529.22,4667.67
3,1,1,1,48,48,48,1,1,1,0,15,15,15,4316.43,9711.94,4632.38,49.6012,43.8598,14134,13244,71.0072,0.6350,0.0020,49.1082,9.5240,557.0470,1521.9100,1.1850,8.8890,1464.4390,3897.1920,1.2770,9.5240,1374.7270,3659.4110,1.7210,29.1129,48.9249,29.5265,5.35912,0.0279068,45.3447,0.228676,4321.81,9762.64,4637.97
1,1,1,1,48,48,63,1,1,1,0,15,15,15,4357.09,9997.9,5824.63,45.8396,44.084,14383,12046,71.0309,0.5580,0.0200,50.5342,9.0460,552.0200,1611.2840,1.3480,7.6510,1560.0530,3917.1910,0.8240,12.5530,1349.9080,3375.0250,2.6560,29.1673,50.3501,29.2706,5.40916,0.0346828,44.5036,0.224551,4362.53,10047.8,5830.26
2,1,1,1,48,48,63,1,1,1,0,15,15,15,4364.84,9953.31,5730.14,46.0994,44.4293,14365,12588,71.0304,0.5970,0.0010,50.361,9.2670,556.9460,1661.7160,1.1700,7.7550,1518.9960,3898.3470,1.3380,12.5280,1344.6370,3402.7510,3.4760,29.2104,50.182,29.2253,5.33067,0.0268798,44.7719,0.217466,4370.2,10003.4,5735.68
3,1,1,1,48,48,63,1,1,1,0,15,15,15,4406.47,9554.61,5829.42,47.782,44.4198,14291,12814,73.0993,0.5970,0.0060,48.4774,9.5450,458.3860,1545.2810,1.8260,9.1470,1705.4690,3890.8620,2.1340,10.0620,1395.7000,3017.8160,1.6510,29.7355,48.3003,29.6851,5.31585,0.0328984,44.7841,0.25304,4411.82,9604.71,5834.98
1,1,1,1,48,63,1,1,1,1,0,15,15,15,4167.98,11152.8,490.475,53.5524,42.093,14405,14008,85.3623,0.8270,0.0020,43.3026,13.2360,759.6690,2615.6370,2.3210,13.9450,3564.2430,6774.5570,1.5150,0.3940,51.8290,270.1740,2.4620,27.3179,43.1198,33.4687,5.34267,0.0213063,45.9991,0.23406,4173.35,11204.1,496.051
2,1,1,1,48,63,1,1,1,1,0,15,15,15,4138.71,11172.3,493.623,52.7981,42.023,14408,13156,85.6523,0.8680,0.0020,43.3234,13.2520,728.6330,2873.2350,0.8160,13.9620,3502.2920,6901.0220,1.3820,0.2760,38.8470,131.5060,1.6340,27.1173,43.1443,33.6225,5.34815,0.0207806,45.9545,0.228046,4144.08,11223.6,499.199
3,1,1,1,48,63,1,1,1,1,0,15,15,15,4180.09,11121.4,496.841,53.7624,42.486,14494,13366,88.6018,0.8640,0.0080,43.1851,13.2020,734.1930,2584.8240,1.0340,13.9880,3561.1700,7088.7100,1.6400,0.2750,45.4220,115.0850,4.5880,27.3756,43.0028,34.0861,5.34103,0.0207527,46.4362,0.216814,4185.45,11173.2,502.399
1,1,1,1,48,63,16,1,1,1,0,15,15,15,4307.23,11251.3,1744.24,52.0993,42.1467,14358,13903,81.6312,0.7100,0.0010,45.2327,11.3680,809.3750,2623.7840,1.2600,12.4330,2846.4760,5630.6600,0.7480,3.7890,515.4610,1489.7180,1.5190,28.4437,45.0377,31.7209,5.3602,0.0234342,45.9841,0.240685,4312.61,11302.7,1749.84
2,1,1,1,48,63,16,1,1,1,0,15,15,15,4310.17,11238.6,1763.47,52.0088,43.2528,14331,13836,81.0782,0.7500,0.0010,44.9073,11.3720,781.8330,2892.3990,1.0970,12.5960,2990.0990,6107.4680,0.8400,3.7910,702.6880,2230.9400,1.7920,28.352,44.7284,31.613,5.37267,0.0228567,46.3443,0.228343,4315.57,11290.3,1769.08
3,1,1,1,48,63,16,1,1,1,0,15,15,15,4278.71,11306.1,1753.06,51.0775,42.6739,14350,13880,79.2766,0.7100,0.0020,45.251,11.3660,799.3340,2641.2780,1.1190,12.4310,2906.3490,5930.7730,2.6860,3.7890,632.4860,1695.2610,2.1490,28.2937,45.0623,31.537,5.32805,0.025884,45.9579,0.231044,4284.06,11357.4,1758.61
1,1,1,1,48,63,32,1,1,1,0,15,15,15,4363.99,11349.1,3217.1,50.4101,44.229,14300,14159,77.2826,0.6360,0.0010,46.052,9.5430,623.8010,1665.6410,2.1350,11.5310,2163.8150,4474.7480,1.9510,6.3620,758.3530,1507.9810,2.7000,29.3545,45.8763,30.7949,5.38457,0.0301407,45.6924,0.223579,4369.4,11400.2,3222.71
2,1,1,1,48,63,32,1,1,1,0,15,15,15,4325.52,11365.6,3207.87,49.8675,43.5795,14308,14154,76.5315,0.6350,0.0020,46.1586,9.5190,597.2060,1506.9790,3.0600,11.6210,2243.1930,4688.5950,1.0380,6.3460,857.7420,1748.3840,3.1980,29.1247,45.9826,30.6223,5.31756,0.0334353,45.5615,0.221276,4330.88,11416.5,3213.41
3,1,1,1,48,63,32,1,1,1,0,15,15,15,4337.05,11391.6,3245.14,50.2718,43.9585,14306,13148,76.7032,0.6340,0.0020,46.1055,9.5170,612.4150,1541.9030,1.4750,11.6190,2266.3120,4718.4520,0.8290,6.3450,833.1090,1912.0550,2.4200,29.1473,45.9281,30.7387,5.33685,0.0238848,45.6042,0.224162,4342.41,11442.6,3250.7
1,1,1,1,48,63,48,1,1,1,0,15,15,15,4340.32,11724,4642.58,48.6315,45.3196,14286,11930,74.0102,0.5590,0.0020,47.0339,9.5790,595.6450,1570.0800,1.6840,10.6560,2275.5810,4877.2510,1.2980,7.6630,1177.9600,2231.2300,2.8950,29.2994,46.855,29.7661,5.44928,0.0207429,45.2686,0.244862,4345.79,11774.8,4648.28
2,1,1,1,48,63,48,1,1,1,0,15,15,15,4358.78,11833.5,4687.78,49.3655,45.3132,14286,14204,74.7693,0.5570,0.0020,47.4579,9.5540,603.7750,1639.7710,2.4300,10.3110,2332.1780,5075.1820,0.6910,7.6430,1483.9370,2896.9620,2.5040,29.4846,47.2764,29.971,5.35582,0.0396306,45.4929,0.241906,4364.18,11884.4,4693.38
3,1,1,1,48,63,48,1,1,1,0,15,15,15,4405.15,11720.2,4661.23,49.0892,44.293,14248,14315,75.5963,0.5580,0.0010,47.8851,7.9670,454.3190,1248.7940,1.3210,10.0380,2181.1630,5206.6710,1.3700,9.5600,1139.2440,2568.6430,2.4970,29.8749,47.7013,30.0878,5.33866,0.0207414,45.2637,0.235871,4410.51,11770.8,4666.8
1,1,1,1,48,63,63,1,1,1,0,15,15,15,4389.48,11775.2,5964.09,49.6176,46.0656,14027,13896,76.9340,0.4810,0.0010,47.8206,7.7000,409.0090,1268.7930,1.6980,10.1070,2372.5490,5317.1030,2.7170,9.6250,1498.8510,2905.4250,2.5190,29.836,47.6423,30.0048,5.43732,0.0267688,45.4356,0.229883,4394.94,11826.1,5969.76
2,1,1,1,48,63,63,1,1,1,0,15,15,15,4486.8,11612.3,5796.8,48.7296,45.4536,14427,12471,76.4135,0.5610,0.0010,47.6242,7.6920,608.3880,1507.0020,1.0770,10.0950,2207.9400,5452.3180,0.9110,10.0950,1234.6370,2580.2680,2.2750,30.1982,47.4437,29.7136,5.36749,0.0212856,44.5951,0.232618,4492.19,11662.2,5802.4
3,1,1,1,48,63,63,1,1,1,0,15,15,15,4440.07,11647.8,5814.23,48.3632,46.1936,14088,13455,78.6210,0.5210,0.0020,47.697,7.6980,584.9490,1490.3070,1.3100,9.9030,2200.1220,5203.6640,0.6120,10.1440,1234.0210,2657.3070,1.7650,29.8783,47.5138,29.7517,5.40977,0.0255546,44.7921,0.227761,4445.51,11698,5819.87
1,1,1,1,63,1,1,1,1,1,0,15,15,15,1074.3,1099.91,469.274,42.6201,36.5429,14833,10720,62.1094,11.1040,0.0050,53.4248,26.0390,271.3490,761.7540,0.9940,5.3390,38.3530,81.4370,0.6690,5.3390,25.0180,82.4240,0.6620,6.69293,53.233,31.5459,5.33284,0.024454,43.7965,0.227337,1079.66,1149.04,474.834
2,1,1,1,63,1,1,1,1,1,0,15,15,15,1074.24,1099.35,473.253,42.6705,36.5912,15052,9894,63.0142,10.9610,0.0020,53.4259,26.0650,259.2820,759.9210,1.0040,5.2670,36.5520,97.2150,0.6990,5.2290,26.7830,87.9990,0.7300,6.64513,53.2476,32.0197,5.41095,0.0205006,43.5569,0.234121,1079.67,1148.32,478.899
3,1,1,1,63,1,1,1,1,1,0,15,15,15,1104.14,1099.39,468.463,43.2778,36.5569,15047,10860,61.3223,10.9180,0.0010,53.3858,26.1490,271.7040,766.6770,1.4320,5.2450,36.9620,64.3650,0.6710,5.2070,24.1650,106.8260,0.7980,6.80976,53.208,31.6238,5.42933,0.0192425,43.8227,0.223713,1109.59,1148.64,474.116
1,1,1,1,63,1,16,1,1,1,0,15,15,15,2469.59,1201.3,1605.9,39.9158,37.0455,15259,9327,60.5337,1.9800,0.0010,57.9534,26.1280,467.7320,1609.7780,1.0170,0.7760,46.8270,134.9570,0.8860,12.3460,395.6180,968.9680,0.9060,15.2844,57.7756,28.1224,5.37969,0.0220623,42.0493,0.216502,2474.99,1248.73,1611.49
2,1,1,1,63,1,16,1,1,1,0,15,15,15,2345.11,1205.57,1608.5,40,36.4475,15283,10149,60.1418,2.0220,0.0020,58.0879,26.1690,430.2310,1427.8100,0.8150,0.7780,44.6360,132.7560,1.0470,12.5600,379.7660,960.5270,0.7230,14.5912,57.9031,28.0843,5.43927,0.0186559,42.1851,0.21552,2350.57,1253.19,1614.15
3,1,1,1,63,1,16,1,1,1,0,15,15,15,2331.79,1200.94,1616.9,39.8178,37.3921,15201,8751,60.8749,2.0570,0.0060,57.8823,26.1190,435.5960,1569.7410,0.8600,0.8150,44.6790,180.5800,1.2940,12.5750,387.1270,999.6800,0.8180,14.6032,57.7054,28.1558,5.35976,0.0189029,42.1132,0.207336,2337.17,1248.42,1622.47
1,1,1,1,63,1,32,1,1,1,0,15,15,15,4392.4,1215.05,2977.5,39.5117,38.378,15250,8338,61.0428,1.3240,0.0010,58.2992,24.7200,644.2470,2262.2510,0.7890,0.4280,36.9880,64.5560,1.3950,13.7030,557.1460,2064.6320,1.0040,25.8035,58.119,27.9144,5.31886,0.0160462,41.7416,0.205718,4397.74,1262.11,2983.03
2,1,1,1,63,1,32,1,1,1,0,15,15,15,4048.57,1216.08,2980.84,39.4995,38.6948,15280,8303,60.9682,1.2900,0.0120,58.2537,26.3180,616.8450,1999.9480,1.0310,0.4300,36.8550,92.0070,1.0370,12.5920,563.2380,1905.4550,0.6870,25.1129,58.0667,27.6847,5.43726,0.0202452,41.6899,0.204321,4054.02,1263.21,2986.48
3,1,1,1,63,1,32,1,1,1,0,15,15,15,4403.19,1214.64,3013.3,39.2109,38.4571,15141,9472,61.0865,1.2900,0.0010,58.2995,24.9380,639.7300,2219.2580,0.8570,0.4300,38.7850,79.4370,1.0780,13.7590,571.5730,1997.0730,1.0650,25.8147,58.1224,27.9121,5.34294,0.0155358,42.0144,0.207083,4408.55,1261.99,3018.85
1,1,1,1,63,1,48,1,1,1,0,15,15,15,5207.43,1223.38,4248.96,39.4932,39.4457,15012,8925,60.7702,0.9780,0.0140,58.3362,19.7130,683.0130,2499.0330,1.0160,0.3130,40.6030,78.6350,0.9320,16.3880,792.8190,2650.5660,1.1770,26.4111,58.1398,27.3445,5.32818,0.0185946,41.4197,0.205072,5212.78,1270.13,4254.49
2,1,1,1,63,1,48,1,1,1,0,15,15,15,5200.19,1225.47,4202.89,39.7994,39.6216,14952,9325,60.5444,1.0200,0.0020,58.3367,19.7660,672.3660,2406.0640,1.2470,0.3530,35.3800,66.7240,0.9610,16.8250,805.9670,2954.4340,1.2060,26.3186,58.1586,27.2343,5.43248,0.0183446,41.6224,0.190581,5205.64,1272.52,4208.52
3,1,1,1,63,1,48,1,1,1,0,15,15,15,5197.01,1220.61,4225.24,39.5001,38.987,14972,9240,60.6454,1.0220,0.0020,58.1627,19.8120,679.5910,2372.5530,1.5470,0.3540,46.9600,121.3570,1.1690,16.5100,786.0470,2788.4630,0.9070,26.345,57.9817,27.2894,5.43465,0.0182485,41.3774,0.203639,5202.46,1267.42,4230.87
1,1,1,1,63,1,63,1,1,1,0,15,15,15,5258.54,1220.01,5342.87,39.1739,40.5561,14835,9555,60.9565,0.9050,0.0090,58.0825,17.3530,710.6330,2440.8870,1.3850,0.3150,38.7040,88.5680,1.1670,18.4540,921.4230,3399.4680,0.9680,26.7125,57.9051,26.9925,5.33421,0.0214539,41.251,0.195791,5263.89,1266.6,5348.4
2,1,1,1,63,1,63,1,1,1,0,15,15,15,5261.94,1222.88,5371.13,39.0353,40.6585,14985,8873,60.6882,0.8660,0.0070,58.2252,17.3500,702.0790,2497.9980,1.1660,0.2750,51.5120,80.4310,1.3510,18.3330,916.2150,3451.4410,0.8780,26.7277,58.0403,27.0499,5.43293,0.0180073,41.1334,0.194254,5267.39,1269.44,5376.76
3,1,1,1,63,1,63,1,1,1,0,15,15,15,5255.33,1219.63,5389.5,39.3248,40.3853,14861,8930,60.6154,0.8660,0.0020,58.0841,17.3490,707.4590,2523.1270,1.3590,0.2750,42.8250,78.7820,0.9440,18.5690,916.9590,3255.9360,0.8600,26.6938,57.9054,27.0231,5.32085,0.0213197,41.1429,0.203471,5260.67,1266.09,5395.02
1,1,1,1,63,16,1,1,1,1,0,15,15,15,3071.45,3657.22,485.198,47.3739,37.9201,15114,11941,72.4015,1.5930,0.0020,49.0636,26.1420,520.4640,1426.7790,0.8250,8.8950,664.1350,1629.4100,1.2770,0.5830,46.3320,122.7570,1.6130,18.5974,48.8788,32.9761,5.3085,0.0186697,44.896,0.231977,3076.78,3707.43,490.739
2,1,1,1,63,16,1,1,1,1,0,15,15,15,3200.12,3654.66,486.448,47.6382,38.057,15167,11950,73.0588,1.6320,0.0050,49.4144,26.1550,558.7420,1499.8280,1.0290,8.7440,596.8500,1435.3980,1.3120,0.5830,50.3180,238.2330,1.7170,19.2461,49.2356,33.0999,5.35783,0.0191728,45.2159,0.237494,3205.49,3705.23,492.044
3,1,1,1,63,16,1,1,1,1,0,15,15,15,3117.5,3655.75,487.662,48.1361,37.2702,15226,12527,72.8604,1.5940,0.0100,49.1923,26.1610,543.3150,1514.9110,0.9950,8.8630,622.1080,1500.3610,1.2150,0.5830,80.1070,405.2300,1.7290,18.8396,49.0019,33.0918,5.34532,0.0235685,45.1921,0.217357,3122.87,3706.29,493.225
1,1,1,1,63,16,16,1,1,1,0,15,15,15,4820.36,3868.02,1655.47,44.2859,38.8265,15031,12349,66.8576,1.1740,0.0040,52.5029,23.8710,619.0390,2010.0100,1.6790,5.9090,493.6070,1330.4780,0.8100,6.2610,390.0870,875.9070,1.9860,25.9576,52.3235,29.5652,5.48314,0.0171294,44.0589,0.219425,4825.86,3917.56,1661.17
2,1,1,1,63,16,16,1,1,1,0,15,15,15,4739.52,3881.8,1637.5,43.8427,38.5901,15087,10985,65.2877,1.2110,0.0020,52.6046,24.6040,650.2890,2137.1560,1.6380,5.7410,490.1640,1300.8950,0.9220,6.2490,397.6140,1083.3810,1.5420,25.9247,52.4236,29.4329,5.34344,0.0157879,43.6423,0.230574,4744.88,3930.79,1643.07
3,1,1,1,63,16,16,1,1,1,0,15,15,15,4730.5,3891.8,1653.55,43.7297,38.7662,15089,11297,65.9638,1.1680,0.0010,52.698,24.5360,655.0040,2215.6360,1.2610,5.6860,501.0310,1302.5700,1.1850,6.2310,422.6770,1029.6040,1.7360,25.9464,52.5129,29.5888,5.311,0.0235133,43.7951,0.235327,4735.83,3940.9,1659.1
1,1,1,1,63,16,32,1,1,1,0,15,15,15,5150.22,3924.39,3124.51,43.2776,39.9037,14873,10980,65.1231,0.9800,0.0020,53.2646,19.7490,606.8930,2234.3250,1.0120,5.0160,537.7220,1353.3390,0.7310,10.0310,727.1460,1862.6080,1.4510,26.4618,53.0846,28.9584,5.36673,0.0246426,43.529,0.215,5155.62,3973.29,3130.09
2,1,1,1,63,16,32,1,1,1,0,15,15,15,5140.74,3929.38,3107.75,43.023,39.121,14847,10060,64.6740,0.9810,0.0010,53.3363,19.8950,591.0200,2173.9730,0.9630,5.0230,524.2400,1434.5910,1.1440,10.0460,706.8580,1864.0990,1.9150,26.3737,53.1548,28.8464,5.42758,0.0301737,43.5633,0.216522,5146.19,3978.37,3113.4
3,1,1,1,63,16,32,1,1,1,0,15,15,15,5227.27,3941.48,3119.97,43.9572,39.8411,14877,11002,63.8485,1.0190,0.0010,53.5344,19.7600,670.6000,2395.7680,2.0930,4.9790,533.9890,1405.3600,0.9170,10.0370,644.5900,1714.7360,1.7730,26.7223,53.3575,29.0863,5.42482,0.0186646,43.6817,0.229314,5232.71,3990.58,3125.62
1,1,1,1,63,16,48,1,1,1,0,15,15,15,5275.08,4026.94,4352.37,43.0416,40.2746,14815,11084,62.4120,0.8280,0.0020,54.5137,17.3840,695.5600,2482.4320,1.8720,3.9810,485.8320,1164.9370,0.9920,13.2450,861.1840,2532.2230,1.4300,27.1686,54.3188,28.2761,5.35696,0.0195868,43.2068,0.213328,5280.46,4075.5,4357.94
2,1,1,1,63,16,48,1,1,1,0,15,15,15,5245.49,3987.6,4449.15,43.2488,40.9594,14740,11213,64.1687,0.8290,0.0010,54.1197,17.4010,621.2030,2276.1610,1.0260,4.4190,551.0890,1541.7740,0.7800,12.1930,897.9150,2413.4750,1.5610,27.18,53.9405,28.7237,5.3173,0.0211601,43.4263,0.215783,5250.83,4036.34,4454.68
3,1,1,1,63,16,48,1,1,1,0,15,15,15,5289.93,4029.74,4405.54,42.3834,40.0964,14718,10303,62.3539,0.8270,0.0020,54.568,17.3620,704.5950,2505.3110,1.3430,3.8980,469.9690,1181.1860,1.1310,13.2280,871.6000,2669.7630,1.7980,27.008,54.3855,28.3119,5.38524,0.0213552,43.1171,0.2066,5295.34,4078.24,4411.13
1,1,1,1,63,16,63,1,1,1,0,15,15,15,5418.21,4006.42,5546.07,42.4814,41.7491,14660,10196,63.2176,0.7900,0.0010,54.5345,14.9350,696.0820,2457.2310,1.7620,3.8320,519.0750,1282.7120,1.0280,14.9740,1010.2190,3372.2720,1.7450,27.9793,54.3562,28.1929,5.35091,0.0246052,43.3466,0.218569,5423.59,4055.12,5551.64
2,1,1,1,63,16,63,1,1,1,0,15,15,15,5381.64,4005.12,5530.18,42.3009,41.5875,14543,10999,62.5243,0.7890,0.0020,54.4746,14.9080,699.6020,2429.1380,1.5410,3.8250,530.8000,1460.9490,1.0360,14.9470,1035.6050,3268.3950,1.9220,27.6799,54.2927,27.9814,5.33701,0.0248878,42.8222,0.210133,5387,4053.28,5535.73
3,1,1,1,63,16,63,1,1,1,0,15,15,15,5423.94,4002.31,5515.56,42.3177,41.8598,14684,10141,63.4059,0.7880,0.0080,54.5259,14.8960,702.4270,2374.1210,1.3370,3.8620,539.1740,1644.6930,1.2870,14.9750,1025.1950,3276.5430,1.6260,28.0019,54.3442,28.0794,5.32759,0.0186258,43.3297,0.210023,5429.28,4050.97,5521.1
1,1,1,1,63,32,1,1,1,1,0,15,15,15,5156.98,6672.6,482.96,48.9275,39.1167,14929,12605,76.9029,1.0960,0.0010,47.6654,22.1940,822.3490,2179.2510,1.1600,10.1380,1293.9170,2647.1210,1.1610,0.3520,38.9240,103.1810,1.7770,26.2122,47.4865,32.717,5.29972,0.0220677,45.059,0.230755,5162.3,6722.96,488.49
2,1,1,1,63,32,1,1,1,1,0,15,15,15,5131.51,6746.38,481.798,48.9037,39.0828,14922,12527,76.8778,1.0980,0.0130,47.7851,22.2380,798.6480,2069.2180,1.1680,10.2760,1385.1550,2555.1280,1.5240,0.3530,33.6910,96.2370,2.7000,26.1298,47.6045,32.6791,5.35791,0.0320227,45.2694,0.245883,5136.9,6797.01,487.402
3,1,1,1,63,32,1,1,1,1,0,15,15,15,5183.75,6679.73,477.308,49.0046,39.9095,15130,11867,76.7149,1.0970,0.0020,47.6288,22.2180,851.8330,2073.2210,0.8240,10.2670,1321.7680,2732.2520,0.9050,0.3530,28.6590,79.7020,2.7090,26.1129,47.4509,32.2668,5.44553,0.0223427,45.3106,0.240626,5189.22,6730.49,482.994
1,1,1,1,63,32,16,1,1,1,0,15,15,15,5238.2,6732.41,1700.42,47.2415,40.5565,14855,11926,70.9755,0.9490,0.0030,48.8002,18.1960,649.1950,1910.4110,0.9210,8.9790,1104.7570,2795.1490,1.0420,5.0630,446.2260,930.6840,1.7640,26.7714,48.6197,30.4423,5.43947,0.0183621,44.8599,0.229528,5243.66,6782.71,1706.09
2,1,1,1,63,32,16,1,1,1,0,15,15,15,5227.53,6731.11,1713.87,47.4891,40.578,14729,11859,73.0280,0.9040,0.0010,48.738,19.0300,623.8830,1840.5520,1.3620,8.8070,1164.3290,3111.9720,0.9580,5.0330,631.9660,1917.1890,1.6950,26.7708,48.5622,30.3916,5.39729,0.0189058,44.5229,0.223725,5232.95,6781.03,1719.49
3,1,1,1,63,32,16,1,1,1,0,15,15,15,5232.83,6705.57,1701.93,47.1401,39.9048,14934,11384,72.7970,0.9010,0.0110,48.7303,19.2000,654.4020,2094.5890,2.1820,8.7770,1087.6020,2770.2610,0.9650,5.0160,541.5140,1292.1930,2.6480,26.7669,48.5474,30.3953,5.36138,0.0191003,44.6062,0.225495,5238.21,6755.54,1707.52
1,1,1,1,63,32,32,1,1,1,0,15,15,15,5327.03,6920.84,3173.91,45.5244,41.8018,14769,11471,69.7535,0.7860,0.0010,50.311,16.2370,591.3270,1917.3170,1.1120,7.5490,1012.2230,2685.4550,0.8130,8.8070,796.2750,1736.7000,1.6570,27.4613,50.1244,29.7126,5.34192,0.0207654,43.9154,0.221189,5332.39,6970.1,3179.47
2,1,1,1,63,32,32,1,1,1,0,15,15,15,5314.48,6975.26,3175.14,46.0584,41.3923,14617,12663,69.4744,0.8320,0.0010,50.4601,15.6810,575.7190,1979.7540,1.1150,7.6430,1075.9720,2892.5990,1.0660,8.8700,841.6210,1923.2300,1.6120,27.4851,50.2747,29.708,5.30919,0.0208328,44.4482,0.214703,5319.81,7025.02,3180.66
3,1,1,1,63,32,32,1,1,1,0,15,15,15,5289.29,7011.78,3191.31,46.126,41.0486,14615,12057,69.6560,0.7890,0.0140,50.6022,15.2370,584.0220,1888.8830,0.9720,7.5790,1096.7280,2955.0510,1.0300,8.8420,906.7280,2139.9630,2.0410,27.264,50.3977,29.4831,5.38228,0.0197729,44.712,0.219827,5294.69,7061.87,3196.91
1,1,1,1,63,32,48,1,1,1,0,15,15,15,5418.37,7217.48,4513.4,44.962,42.2082,14424,11212,67.1940,0.6720,0.0010,52.0699,14.1050,666.8240,2170.6300,1.0390,6.3220,1025.3700,2495.0570,0.8560,11.3790,993.9740,2604.3220,1.8420,27.7798,51.8874,29.0496,5.33461,0.0188482,43.9278,0.230316,5423.72,7266.74,4518.97
2,1,1,1,63,32,48,1,1,1,0,15,15,15,5419.89,7190.04,4512.09,44.8839,42.8561,14556,11174,66.6120,0.6720,0.0020,51.9026,13.8780,647.5430,1899.0160,1.7030,6.3260,1024.5150,2360.0250,0.7250,11.3870,1027.7860,2602.2290,1.3460,27.7959,51.7166,29.0566,5.37335,0.0263015,43.8616,0.226216,5425.29,7239.28,4517.69
3,1,1,1,63,32,48,1,1,1,0,15,15,15,5462.33,7129.32,4499.06,44.4603,42.0961,14643,11219,68.1888,0.7120,0.0110,51.5544,14.7170,704.0670,2261.7120,1.1540,6.4880,1031.6990,2509.0520,1.2130,11.3940,1052.2490,2616.5160,1.4460,28.1362,51.3741,29.2037,5.35364,0.0230921,43.7615,0.246077,5467.7,7178.44,4504.66
1,1,1,1,63,32,63,1,1,1,0,15,15,15,5467.12,7153.16,5651.42,44.4041,43.4071,14591,11515,69.6159,0.6740,0.0180,51.7242,12.4920,640.7330,2154.7000,1.4550,6.5830,1099.0140,2823.5400,1.3990,12.5320,1164.9940,2958.8480,2.9710,28.3664,51.5447,28.6876,5.31474,0.019417,43.9242,0.217783,5472.45,7202.4,5656.95
2,1,1,1,63,32,63,1,1,1,0,15,15,15,5497.92,7206.89,5621.48,44.3994,43.5268,14597,11693,66.5719,0.6350,0.0010,51.9227,12.4960,652.3860,2190.6010,0.9560,6.3470,1162.9140,2831.9120,1.1230,12.5360,1182.1640,2976.1010,2.1150,28.5649,51.743,28.6062,5.36428,0.0231397,43.5184,0.21467,5503.3,7255.78,5627.06
3,1,1,1,63,32,63,1,1,1,0,15,15,15,5478.52,7213.28,5641.57,44.183,43.5615,14510,11778,66.1078,0.6340,0.0070,51.9956,12.4830,651.6120,2264.8190,2.2320,6.3410,1141.1420,2798.4570,0.7250,12.5230,1186.9260,3065.7010,2.3640,28.313,51.8118,28.6174,5.32941,0.0262605,43.6153,0.21661,5483.87,7262.23,5647.12
1,1,1,1,63,48,1,1,1,1,0,15,15,15,5281.03,9187.37,487.832,51.3782,41.5728,14639,12789,81.6710,0.7900,0.0130,45.4057,17.4240,889.6020,1968.3630,1.3660,12.2880,2180.3750,4280.8820,1.2440,0.2370,35.2580,77.0430,2.1470,26.7309,45.2289,33.4185,5.44686,0.0237731,45.6501,0.220134,5286.5,9238.46,493.499
2,1,1,1,63,48,1,1,1,1,0,15,15,15,5286.9,9210.21,489.369,52.1292,41.6653,14661,13258,81.4450,0.8280,0.0020,45.3707,17.3790,915.5690,2135.6640,0.9380,12.3350,2333.9740,4770.9200,1.5500,0.2760,43.2060,158.1510,1.8620,26.7313,45.1848,33.3374,5.50328,0.0234085,45.8837,0.230809,5292.42,9261.6,495.103
3,1,1,1,63,48,1,1,1,1,0,15,15,15,5269.13,9261.45,494.912,51.4689,41.4881,14537,12893,81.7210,0.8650,0.0220,45.5175,17.3350,888.7900,1977.5490,0.9460,12.2250,2283.7970,4569.2310,1.4220,0.2750,26.4220,52.3040,2.5260,26.7347,45.3384,33.5554,5.35642,0.0196423,45.7988,0.240405,5274.51,9312.6,500.509
1,1,1,1,63,48,16,1,1,1,0,15,15,15,5338.66,9288.81,1722.44,49.3064,42.1674,14564,12190,76.4298,0.7860,0.0070,46.8667,14.8590,698.0210,2016.9030,1.3160,10.8880,1846.5350,4018.7040,1.2440,3.7740,611.5500,1817.6110,2.5320,27.3909,46.6884,30.9502,5.30282,0.0261775,45.4286,0.23162,5343.99,9339.55,1727.97
2,1,1,1,63,48,16,1,1,1,0,15,15,15,5331.38,9179.08,1738.33,49.5865,42.3105,14658,11795,76.3753,0.7510,0.0010,46.4635,14.9350,683.9860,2000.9640,1.4340,11.2210,1908.2090,3960.8310,1.1200,3.7930,647.4140,2087.4240,1.7240,27.4507,46.2861,31.0079,5.43332,0.0237488,45.343,0.241283,5336.84,9229.86,1744
3,1,1,1,63,48,16,1,1,1,0,15,15,15,5380.15,9143.15,1725.17,49.4161,41.6913,14636,12327,76.4447,0.7490,0.0010,46.5805,14.8960,711.6980,2007.7390,1.7840,11.1520,1784.0860,3647.1940,1.0260,3.7830,549.7920,1552.5530,2.9290,27.5879,46.4004,31.0487,5.33937,0.0194739,45.2048,0.232026,5385.51,9193.7,1730.75
1,1,1,1,63,48,32,1,1,1,0,15,15,15,5381.62,9413.38,3270.36,47.6835,42.6661,14531,11860,74.1932,0.6800,0.0030,47.8669,13.1270,578.1980,1776.4190,0.7590,9.6050,1758.3420,4343.4200,0.8900,7.6840,1097.3400,2300.0810,3.1910,27.97,47.6854,30.2419,5.45662,0.0228738,44.7613,0.228595,5387.1,9463.6,3276.04
2,1,1,1,63,48,32,1,1,1,0,15,15,15,5442.49,9394.44,3240.62,47.9566,43.539,14396,12519,74.7852,0.7120,0.0020,47.962,12.7320,661.7170,1760.4190,1.3310,9.6080,1689.4960,4129.1520,0.9880,7.5920,923.2910,2045.4030,1.9010,28.0653,47.7833,30.3788,5.32113,0.0201788,44.9278,0.219963,5447.83,9444.69,3246.17
3,1,1,1,63,48,32,1,1,1,0,15,15,15,5378.93,9464.74,3262.5,48.26,43.4453,14490,12790,72.5236,0.7140,0.0080,48.1458,12.7760,588.4870,1769.8170,1.7170,9.5620,1752.9190,4386.9260,1.5050,7.6180,1128.2580,2525.0430,2.1870,27.9209,47.9646,30.2813,5.45645,0.0210668,45.1601,0.224754,5384.41,9515.35,3268.18
1,1,1,1,63,48,48,1,1,1,0,15,15,15,5464.5,10013.8,4496.82,46.5173,44.1059,14507,12438,69.8883,0.5980,0.0010,50.2493,12.5580,732.3590,2211.9020,2.0650,7.8140,1533.6340,4064.0270,0.9240,9.5680,1197.9750,2539.1330,1.4990,28.2166,50.0597,29.3479,5.35618,0.035638,44.6591,0.244905,5469.89,10063.8,4502.42
2,1,1,1,63,48,48,1,1,1,0,15,15,15,5483.53,10009.5,4527.02,46.3031,43.8337,14494,13130,69.7532,0.6400,0.0010,50.135,12.5940,732.1480,2159.9200,1.2290,7.9160,1497.8760,3959.0690,0.9100,9.5960,1286.9350,2997.4480,2.1790,28.3534,49.955,29.4363,5.46078,0.0364274,44.53,0.239782,5489.03,10059.5,4532.72
3,1,1,1,63,48,48,1,1,1,0,15,15,15,5443.63,9871.74,4563.99,46.2483,44.2331,14375,11883,71.2939,0.5970,0.0140,49.707,12.5360,728.2560,2222.0620,0.9000,8.0390,1490.5490,3922.2210,0.8750,9.5510,1174.2100,2439.1840,4.2890,28.0827,49.5295,29.3574,5.36792,0.0318772,44.4948,0.209421,5449.03,9921.6,4569.56
1,1,1,1,63,48,63,1,1,1,0,15,15,15,5456.74,9921.39,5779.09,46.1823,45.5356,14483,11328,69.7096,0.5590,0.0010,50.0037,12.5740,649.8750,2279.7890,1.0520,7.8240,1494.3730,3901.4380,0.8600,10.0590,1478.5530,3094.5540,2.5450,28.382,49.8182,29.0968,5.34075,0.0272545,44.2964,0.214088,5462.1,9971.02,5784.65
2,1,1,1,63,48,63,1,1,1,0,15,15,15,5557.39,9935.14,5772.44,45.529,45.5338,14355,12081,70.9002,0.5210,0.0010,50.279,10.0950,621.6020,1833.9920,1.2650,7.6910,1641.4180,4309.8230,0.9110,12.1780,1408.8610,3275.7860,1.2950,29.0237,50.1011,29.1254,5.43835,0.026722,44.277,0.226781,5562.85,9984.85,5778.1
3,1,1,1,63,48,63,1,1,1,0,15,15,15,5538.96,9905.93,5733.79,46.0817,45.2853,14276,12334,70.2445,0.5590,0.0020,50.2883,10.0570,597.2400,1794.1800,2.7720,7.7030,1583.9910,4199.6510,0.7890,12.0130,1289.7380,3132.8920,2.1670,28.9638,50.1069,29.0639,5.32615,0.0331175,44.4284,0.212068,5544.31,9955.69,5739.33
1,1,1,1,63,63,1,1,1,1,0,15,15,15,5304.23,11485.5,491.488,52.5328,43.2887,14503,15528,84.6670,0.6730,0.0010,44.8902,14.9710,845.2340,2276.2410,0.9560,12.9120,3060.2240,5856.5200,0.9530,0.1980,56.0650,178.5940,2.4760,27.0403,44.7097,33.4928,5.38078,0.0225734,46.4014,0.228485,5309.64,11537.3,497.097
2,1,1,1,63,63,1,1,1,1,0,15,15,15,5331.2,11380.7,488.349,52.9964,43.0221,14586,14236,84.0678,0.6740,0.0020,44.7159,14.9760,926.7910,3173.0320,1.1290,12.7970,3035.5270,6241.8760,1.7080,0.1980,70.8170,175.6600,2.2750,26.9746,44.5251,33.4838,5.45476,0.0221156,45.9723,0.240843,5336.67,11432.1,494.044
3,1,1,1,63,63,1,1,1,1,0,15,15,15,5296.38,11426.4,486.944,52.4287,43.3183,14607,14169,83.8746,0.7110,0.0010,44.7646,14.9230,904.9040,2924.7760,1.1070,12.6330,3077.7290,6584.6980,0.8060,0.2370,41.0060,81.1430,2.9830,26.8982,44.5859,33.2029,5.39176,0.0217866,45.9359,0.252108,5301.8,11477.8,492.587
1,1,1,1,63,63,16,1,1,1,0,15,15,15,5385.69,11177.8,1767.64,51.6969,44.0405,14478,13940,81.3547,0.6340,0.0010,45.0203,12.5610,792.6770,1998.0090,1.0030,12.4820,2831.8920,5290.3780,1.1200,3.1700,786.0770,1882.8700,2.2150,27.7107,44.8356,31.4203,5.37809,0.0327116,45.8108,0.22493,5391.1,11229,1773.24
2,1,1,1,63,63,16,1,1,1,0,15,15,15,5379.85,11105.5,1745.4,51.3836,44.0512,14262,13669,81.1110,0.6350,0.0160,44.9143,12.8260,823.2640,2150.0640,1.7520,12.5080,2734.3690,5065.6050,2.0410,3.1770,721.7330,2032.0280,2.6240,27.6513,44.7241,31.3082,5.44098,0.0224472,45.4534,0.239153,5385.31,11156.4,1751.08
3,1,1,1,63,63,16,1,1,1,0,15,15,15,5376.74,11058.5,1785.67,51.34,44.0659,14492,12959,81.3715,0.6330,0.0020,44.932,12.5800,641.9920,1775.0940,1.0180,12.4610,2656.5050,5164.5590,2.1840,3.1650,905.8720,2189.8650,3.7380,27.8155,44.7542,31.5797,5.32121,0.0243397,45.4347,0.228294,5382.09,11109.2,1791.22
1,1,1,1,63,63,32,1,1,1,0,15,15,15,5470.44,11507,3283.73,49.6126,45.0577,14418,12988,77.3117,0.5560,0.0010,46.5218,12.5150,777.6210,2215.8740,0.9240,11.2040,2245.7450,4776.5210,1.6110,5.0850,1050.8470,2028.1970,2.3550,28.2885,46.3388,30.7656,5.29975,0.0185612,45.3102,0.248122,5475.76,11557.6,3289.28
2,1,1,1,63,63,32,1,1,1,0,15,15,15,5431.64,11692.3,3216.32,48.6209,45.1377,14477,12184,74.3198,0.6370,0.0130,47.4283,12.5390,795.8600,2190.6700,1.1910,10.1910,2188.9230,4967.5730,1.6430,6.3690,912.7540,1809.6430,2.3570,28.131,47.2499,30.2932,5.34958,0.0258858,45.2049,0.234827,5437.02,11742.9,3221.9
3,1,1,1,63,63,32,1,1,1,0,15,15,15,5445.01,11587.8,3242.58,50.203,44.8558,14410,12489,77.6762,0.5590,0.0020,46.7969,12.5780,766.8700,2136.3250,1.0120,10.9010,2241.6030,4913.1300,1.1050,5.1110,978.6290,1925.0410,2.2600,28.2463,46.6152,30.6354,5.42106,0.0212304,45.4228,0.224612,5450.45,11638.7,3248.23
1,1,1,1,63,63,48,1,1,1,0,15,15,15,5610.62,11614.5,4606.31,48.7987,46.2599,14269,13786,75.1440,0.5200,0.0040,47.6708,10.0810,702.0900,1802.7450,1.4080,10.0810,2191.4580,5335.5820,0.8000,7.9610,977.7670,2107.8130,1.7720,29.1727,47.49,30.2578,5.3385,0.0259116,44.6427,0.222447,5615.99,11664.4,4611.87
2,1,1,1,63,63,48,1,1,1,0,15,15,15,5552.19,11629.6,4582.58,48.7091,45.9348,14364,12832,75.4190,0.5200,0.0010,47.6173,10.0800,657.6950,1792.1280,2.3060,10.0800,2232.6440,5658.6490,2.1660,8.3600,1012.3400,2089.3420,1.8430,29.0005,47.4369,30.1009,5.34726,0.0368649,45.0326,0.228721,5557.57,11680,4588.15
3,1,1,1,63,63,48,1,1,1,0,15,15,15,5561.54,11620.6,4679.22,49.0877,46.4765,14365,12621,77.2643,0.5210,0.0010,47.4521,10.4560,487.5910,1523.3070,2.3630,10.0950,2281.3050,5286.0930,1.1210,7.6920,1406.7090,2591.8900,2.1250,29.104,47.2718,30.5123,5.41383,0.030782,45.0667,0.221004,5566.98,11671.1,4684.85
1,1,1,1,63,63,63,1,1,1,0,15,15,15,5621.06,12175.1,5735.24,47.2198,46.1184,14382,13308,74.2209,0.4850,0.0110,48.9686,10.1760,712.2780,2107.6510,3.1340,8.5200,1900.8950,4524.4570,1.2010,10.1760,1169.2810,2778.8120,2.0850,29.3788,48.7866,29.5168,5.36482,0.0262304,44.4725,0.225808,5626.45,12224.9,5740.83
2,1,1,1,63,63,63,1,1,1,0,15,15,15,5532,11597.3,5856.31,48.924,47.5963,14245,13170,75.7750,0.4820,0.0010,47.4772,10.1230,583.6280,1824.7570,1.4230,10.1230,2253.4770,5365.4400,1.4140,8.0340,1415.6610,2593.7040,2.8850,29.0994,47.2927,29.6861,5.38375,0.0473531,44.9211,0.224836,5537.43,11647.6,5861.91
3,1,1,1,63,63,63,1,1,1,0,15,15,15,5664.81,11758.7,5926.07,47.917,46.8511,14244,12463,75.4144,0.5230,0.0010,48.2174,9.2870,606.6280,1434.3950,0.8090,9.2070,2050.7910,5240.9500,1.3250,10.1310,1596.9780,3223.4940,3.5200,29.5487,48.0365,29.9414,5.38928,0.0337756,44.9099,0.258796,5670.23,11809,5931.72
